title,company,location,link
[SK 주식회사(C&C)] 2020 상반기 인턴사원 (Software Engineering),SK C&C,성남 분당구,https://www.indeed.com/viewjob?jk=5097493c448964f7
[4차산업혁명] '국비지원'으로 IT일본 및 국내취업,한국능력개발교육원,대구 동구,https://www.indeed.com/viewjob?jk=97fcb0bf11ba9d7a
정보기술연구소 자바(JAVA) 연구개발자,온더아이티,성남 분당구,https://www.indeed.com/viewjob?jk=0c435390e7598470
2020년 동덕여자대학교 계약직 행정연구원 전산분야 안내,동덕여자대학교,서울 성북구,https://www.indeed.com/viewjob?jk=f32fe1bf5d1acdb1
계약직원 공개,한국교육방송공사,고양 일산동구,https://www.indeed.com/viewjob?jk=b686c7bcb3da1940
"JAVA, JSP 경력 정규직, 계약직, 프리랜서",인컴비트,세종특별자치시,https://www.indeed.com/viewjob?jk=eff179d3f03b336c
2020 병역특례 전문연구요원 (신규편입),LINE Plus corporation,성남 서현역,https://www.indeed.com/viewjob?jk=58521b7f0a89619c
2020년 소니코리아 경력사원 수시,소니코리아,서울 영등포구,https://www.indeed.com/viewjob?jk=578b08eadaf0fd5f
각 부문별 경력직 (연봉계약직),NH투자증권,서울 영등포구,https://www.indeed.com/viewjob?jk=22aab40940a5947e
연구개발자 [C#/MS SQL/JAVA/연동개발],로지스밸리에스엘케이,성남 분당구,https://www.indeed.com/viewjob?jk=63ecd46c677f1bb2
전액무료천안/서울/수원 IT교육받고 취업하자(빅데이터/개발/디자인),휴먼교육센터,천안 동남구,https://www.indeed.com/viewjob?jk=f3863deba078137c
인공지능AI 기술연구개발(이미지 학습/자동채색/자동번역),아이디어콘서트,성남 분당구,https://www.indeed.com/viewjob?jk=f81b03b26abefd26
"JSP, JAVA 외 신입/경력 정규직, 계약직, 프리랜서",명성아이에스,서울 강동구,https://www.indeed.com/viewjob?jk=31667d6ac58394a2
[NICE홀딩스] 2020년 경력직(IT) 수시,나이스 그룹,서울,https://www.indeed.com/viewjob?jk=a4cf93176abe0ca7
"JSP, JAVA 경력 계약직, 프리랜서",모드니사회적협동조합,경상남도 진주,https://www.indeed.com/viewjob?jk=a536d305ecffe47f
"[즉시] Helpdesk, JAVA 외 신입/경력 계약직",엔에이피에스,서울 중구,https://www.indeed.com/viewjob?jk=9e2485c923e4fa18
2020 (주)한국야쿠르트 전환형 인턴 공개 (~4/17),한국야쿠르트,서울,https://www.indeed.com/viewjob?jk=f90c7db9c2a59232
"2020년 상반기 프론트엔드, 백엔드, Java·JSP 경력사원",틴텍씨앤씨,서울 강서구,https://www.indeed.com/viewjob?jk=d8064cd5aebab27e
"응용소프트웨어 개발자. C#, App, Java",팀케이,안양 만안구,https://www.indeed.com/viewjob?jk=b0062924385ea558
본사 기후변화대응처 기후정책지원팀 기간제근로자 채용 재공고,한국환경공단,대한민국,https://www.indeed.com/viewjob?jk=c7d9e9ca219a3c8e
기상레이더센터 연구원 및 전문연구요원,기상청,대한민국,https://www.indeed.com/viewjob?jk=335f9cd948b16a62
2020년 3차 한국특허정보원 제한경쟁,한국특허정보원,대전 서구,https://www.indeed.com/viewjob?jk=c98ffc18c7dd2f41
노틸러스효성(주) 경력사원,효성티앤에스,대한민국,https://www.indeed.com/viewjob?jk=b068fcc9a4194975
자바(JAVA) 웹개발 경력직,온더아이티,성남 분당구,https://www.indeed.com/viewjob?jk=e207e17eb902b336
"JAVA, JSP 경력 계약직, 프리랜서",모드니사회적협동조합,서울,https://www.indeed.com/viewjob?jk=06c3a6e421833ad1
본사 기후변화대응처 온실가스정보팀 기간제근로자 직원,한국환경공단,대한민국,https://www.indeed.com/viewjob?jk=67eec205755fed03
[피앤피시큐어] 2020년 수시 (연구개발/정보보안기술연구소),피앤피시큐어,성남 분당구,https://www.indeed.com/viewjob?jk=e01db182ae55e799
본사 기후변화대응처 기간제근로자,한국환경공단,대한민국,https://www.indeed.com/viewjob?jk=88b2552a0c29038b
"JAVA, MySQL 외 신입/경력 정규직",아톰앤비트,서울 서초구,https://www.indeed.com/viewjob?jk=c9ab0043cbc3aca2
반응형 웹 디자이너 신입/경력 인턴,LIMITED ZERO,대구 남구,https://www.indeed.com/viewjob?jk=9da666d91c83b05d
(주)웨이브파크 2020년 상반기 부문별 신입/경력,웨이브파크,경기도 시흥,https://www.indeed.com/viewjob?jk=b475acb103033fd2
[한국오라클] Data Center Technician (Engineer),한국오라클,강원도 춘천,https://www.indeed.com/viewjob?jk=af4eba857169ba01
소프트웨어 개발자,우리소프트,대구 달서구,https://www.indeed.com/viewjob?jk=25ec87b6cee64a4d
모바일App&Web개발자,이엠에스커뮤니케이션즈,대구 남구,https://www.indeed.com/viewjob?jk=e5d924cc3d87decc
2020년 상반기 각 부문,에임메드,서울 강남구,https://www.indeed.com/viewjob?jk=628a0e6618016df7
"백엔드, JAVA 신입/경력 정규직",지금컴퍼니,수원 영통구,https://www.indeed.com/viewjob?jk=6cbcd87710d2b5bb
Back-End (JAVA) Developer,DP World,서울,https://www.indeed.com/viewjob?jk=173a34c3e467d119
티켓링크 Java 개발자,NHN TicketLink,성남 판교역,https://www.indeed.com/viewjob?jk=ce37d810e19f89d9
본사 기후변화대응처 기후정책지원팀 기간제근로자,한국환경공단,대한민국,https://www.indeed.com/viewjob?jk=c4aa5d1580fdde52
"JAVA, 벡엔드 외 경력 정규직",비링크헬스케어,성남 분당구,https://www.indeed.com/viewjob?jk=5da21a35c78f92e8
"JSP, JAVA 외 신입/경력 정규직",길온,성남 중원구,https://www.indeed.com/viewjob?jk=a2dde092851bbdef
"자바(java,spring) 웹개발 신입 및 경력사원",리얼아이브이,서울 송파구,https://www.indeed.com/viewjob?jk=f9e5af640b0da074
성운대학교 2020년 4월 신규 직원,성덕대학교,경상북도 영천,https://www.indeed.com/viewjob?jk=149188f7d115fa2e
웹 개발 담당자,윕스,서울 마포구,https://www.indeed.com/viewjob?jk=467b666c9b47924c
"모바일 어플리케이션 개발/관리, 사이버교육 콘텐츠 개발지원",(사)보험연수원,서울 성북구,https://www.indeed.com/viewjob?jk=f535dd8446c6d979
[Search & Clova] Clova AI 인재,네이버,대한민국,https://www.indeed.com/viewjob?jk=92bd400e3b5306ba
2020년 한국야쿠르트 채용 전환형 인턴 공개 모집,한국야쿠르트,서울 잠원동,https://www.indeed.com/viewjob?jk=83daf4e64f36d235
오티아이(주) SW개발 등 각 부문 신입/경력직 (대전),오티아이,대전 유성구,https://www.indeed.com/viewjob?jk=7081ac4eae502b74
[경력]2020년 전략기획팀 JAVA 개발자 (대전),에즈웰,대전 유성구,https://www.indeed.com/viewjob?jk=f1b5bb29ab59f4cb
Java개발/분석/설계 경력자,에이티이정보,서울 영등포구,https://www.indeed.com/viewjob?jk=c672f293d8baf311
한국보건복지정보개발원 인력,서울특별시,대한민국,https://www.indeed.com/viewjob?jk=3dbaa2a79cca59cc
AI/빅데이터 분야 (인재 Pool),LG유플러스,서울,https://www.indeed.com/viewjob?jk=fb617eeb80ea6fa9
경력사원 (노틸러스효성),효성티앤에스,대한민국,https://www.indeed.com/viewjob?jk=ebe16a0cc69ff544
웹디자이너 사원,디자인아토,경기도 남양주,https://www.indeed.com/viewjob?jk=0f2c0f92359aa6d6
소프트웨어개발 경력자 (JAVA / C언어 / 모바일),아이리치,경기도 오산,https://www.indeed.com/viewjob?jk=2036901cc4405a8e
모의해킹/해킹보안/앱보안 무료교육(초보자 지원가능),한국디지털융합직업전문학교,서울 중랑구,https://www.indeed.com/viewjob?jk=a76f6ef307806855
2020년 현대IT&E 경력사원 상시,현대IT&E,경기도,https://www.indeed.com/viewjob?jk=c0386b0f6c835e25
[KSTEC] 통계/Analytics 경력사원,지식시스템,성남 분당구,https://www.indeed.com/viewjob?jk=3c70b1ded0c003ef
Java 웹서비스/플랫폼 개발자,NHN,성남 판교역,https://www.indeed.com/viewjob?jk=35a7b7d0a966d7cf
JAVA 초급개발자 (EPS 시스템 유지보수),스탭앤서비스,충청북도 음성,https://www.indeed.com/viewjob?jk=3fd7fa23bfd7930b
[TmaxGroup/R&D] R&D 개발 연구원 신입/경력 (병역특례포함),티맥스소프트,성남 분당구,https://www.indeed.com/viewjob?jk=3bd2cd8825d02ec7
"JAVA 경력 정규직, 파견직",엠아이플랫폼,대한민국,https://www.indeed.com/viewjob?jk=016da60defd975b9
"2020년도 쿠팡 경력 개발자 공개채용 (Java, Spring, Backend, Server)",Coupang,서울,https://www.indeed.com/viewjob?jk=1cdf500b5b99d537
EBS 계약직 공개[전산운영(ERP 시스템 운영)],한국교육방송공사,고양 일산동구,https://www.indeed.com/viewjob?jk=8631f198bdd64439
C/C++/JAVA 경력 개발자(정보처리기사필수),위우너스,서울 송파구,https://www.indeed.com/viewjob?jk=e7fcaf3d5b399cfb
기간제근로자 (마감일자: 2015. 10. 7.),기상청,대한민국,https://www.indeed.com/viewjob?jk=6a110f95c1bc9fec
백엔드 개발 인턴,리디,서울,https://www.indeed.com/viewjob?jk=1e8b46379b3cc76a
"NAVER, LINE 서비스 플랫폼 운영",NIT Service,성남 삼평동,https://www.indeed.com/viewjob?jk=285996f91e76a862
JAVA개발자(솔루션 개발/유지/관리) - 경력자,테크앤아이코리아,서울 영등포구,https://www.indeed.com/viewjob?jk=e2bac72ec161f4a7
2020년 신입/경력사원,세움,대한민국,https://www.indeed.com/viewjob?jk=d339f625725c18e3
웹프로그램 경력자,위니텍,대구 달서구,https://www.indeed.com/viewjob?jk=921624a070605cf3
[신입/경력] (주)마크로젠 각 부문별 신입/경력 직원,마크로젠,서울 금천구,https://www.indeed.com/viewjob?jk=cc938e6ad2950ab7
프로그램 개발(JAVA) 전문가,이지텍,서울 성동구,https://www.indeed.com/viewjob?jk=411e3819d3027680
오티아이(주) SW개발 및 각 부문 신입/경력직,오티아이,대전 서구,https://www.indeed.com/viewjob?jk=ae871a0901b5bd7e
닥터지(고운세상코스메틱) 각 부문 신입 및 경력,고운세상코스메틱,성남 분당구,https://www.indeed.com/viewjob?jk=6c5a953f70c6aa26
"JAVA, C# 경력 정규직 MES 개발, 설비제어시스템, 공정제어시스템 개발, 기계학습, 데이터사이",디세이코리아,용인 수지구,https://www.indeed.com/viewjob?jk=b6468f59cd978cce
2020년 분야별[신입/경력] 정규직,제이스퓨처,서울 구로구,https://www.indeed.com/viewjob?jk=0827c3957cefc4dd
JAVA·Spring 기반의 개발 및 기술지원 인재,시너젠,서울 성동구,https://www.indeed.com/viewjob?jk=ab3f777491b4b9c6
개발열정 가득한 C# / JAVA 개발자,피어라인,군포 산본동,https://www.indeed.com/viewjob?jk=977c34e096023e2a
"매트랩,자바,matlab 능숙하게 사용 가능하신분 찾습니다",벨루가이엔지,대한민국,https://www.indeed.com/viewjob?jk=2d7edf00caa8cf0e
2020년 상반기 웹 개발자,에프앤에스홀딩스,성남 분당구,https://www.indeed.com/viewjob?jk=32445da17b32be81
"정보통신, 컴퓨터 분야 용역과제계약직",한국기계전기전자시험연구원,경기도 군포,https://www.indeed.com/viewjob?jk=753db43176008bf2
"(주)데이타뱅크시스템즈 신입, 경력직",데이타뱅크시스템즈,대구 남구,https://www.indeed.com/viewjob?jk=57bffe2e297646f8
"개발(C#,ASP,JAVA)자 신입사원",엠씨씨,인천 연수구,https://www.indeed.com/viewjob?jk=6d9258e8f3d64d6a
(서울시 강소기업) 기술지원팀 JAVA 응용프로그래머,사이버다임,서울 송파구,https://www.indeed.com/viewjob?jk=ba708da9d0f9dc86
[서랍] (경력) JAVA 개발자,카카오,성남 판교역,https://www.indeed.com/viewjob?jk=1dcaa5c25767e241
"ASP, MS-SQL 개발자",유니크컴퍼니,서울 영등포구,https://www.indeed.com/viewjob?jk=f909450bbc9ff00b
AMONDZ 앱/웹 부문별 개발자,비주얼,서울,https://www.indeed.com/viewjob?jk=4da054b52124bed3
글로벌 캐주얼게임 제작 전부문,NHN,성남 판교역,https://www.indeed.com/viewjob?jk=3f22fbccc9a66db2
[KSTEC] 2020년 신입 및 경력 (SW개발자),지식시스템,성남 분당구,https://www.indeed.com/viewjob?jk=9fa6357505080fd7
IOT 웹-및 Java 프로그래머,하솜정보기술,서울 마포구,https://www.indeed.com/viewjob?jk=66181486feda56f7
[현대중공업] 특수선) 2020년 경력사원,한국조선해양,대한민국,https://www.indeed.com/viewjob?jk=5a41599c2129531d
Security CSIRT,LINE Plus corporation,성남 서현역,https://www.indeed.com/viewjob?jk=1eea05b0e37e3c85
추천 시스템 연구/개발,카카오,성남 판교역,https://www.indeed.com/viewjob?jk=be6c1f03fa566f8e
2016년도 상반기 국립기상과학원 기간제근로자(소프트웨어기사),기상청,대한민국,https://www.indeed.com/viewjob?jk=bd092e6a029e144c
기간제 근로자(웹 프로그래머),기상청,대한민국,https://www.indeed.com/viewjob?jk=9760dc04fe555619
[TmaxData/기술] Data 기술지원 엔지니어,티맥스소프트,서울,https://www.indeed.com/viewjob?jk=9b34e15c7db5bdf2
효성첨단소재(주) 경력사원 공고,효성첨단소재,대한민국,https://www.indeed.com/viewjob?jk=930a9f5ccb005e62
[대행]웹 프로그래머(Java) 정규직 (경력),우림정보기술,서울 서초구,https://www.indeed.com/viewjob?jk=34043d3b59261640
"S/W 엔지니어, JAVA 경력 정규직",이노스피치,서울 강남구,https://www.indeed.com/viewjob?jk=4a16d81566c38f4d
"자바(java,spring) 웹개발 경력직원",리얼아이브이,서울 송파구,https://www.indeed.com/viewjob?jk=aab7b24e2c682206
[기업부설연구소] 웹개발자,신성이앤에스,대전 유성구,https://www.indeed.com/viewjob?jk=9c2a11c736839b12
"PC 제어 인력 (반도체, OLED)",우리마이크론,천안 동남구,https://www.indeed.com/viewjob?jk=86631c71dfc93cab
2020년 4월 정기,환인제약,경기도 안성,https://www.indeed.com/viewjob?jk=178c8cd44e162161
정규직/병역특례전문요원 단말 에이전트 개발자 신입/경력,아라드네트웍스,서울 양재동,https://www.indeed.com/viewjob?jk=2a97fd806d642347
"[국내중견금융그룹] Java, Spring, Jsp의 개발자",FN executive search,서울,https://www.indeed.com/viewjob?jk=915d3762ee523104
"자바(java,spring) 웹개발 신입사원",리얼아이브이,서울 송파구,https://www.indeed.com/viewjob?jk=70beb8fa28880e99
JAVA / web / 어플리케이션 신입 및 경력 개발자,SMT solution,서울 도봉구,https://www.indeed.com/viewjob?jk=bc477c898cd50809
서울특별시 노원구 일반임기제공무원,서울특별시,대한민국,https://www.indeed.com/viewjob?jk=95e9900e16b547e2
[신입/경력] JAVA 기반 웹프로그램 개발자,율시스템,용인 수지구,https://www.indeed.com/viewjob?jk=d5dbac0140cf3d32
IT 강소기업 JAVA 솔루션 개발자 (경력직) (성수동),휴먼브릿지앤코,서울,https://www.indeed.com/viewjob?jk=c34f716ce3a4d2d0
"기술연구소 정규직 연력(Java, C++, Python, 기타) 및 ERP 개발인력",파인씨앤아이,서울,https://www.indeed.com/viewjob?jk=ff99efe4f7f952d7
응용소프트웨어 프로그래머 경력직(5년이상),휴메인시스템,전주 완산구,https://www.indeed.com/viewjob?jk=e306a55c4e87bc0f
Data Scientist,Boston Consulting Group,서울,https://www.indeed.com/viewjob?jk=ce6747e77c861c46
"플랫폼(VM), 멀티미디어 외 경력 정규직, 계약직, 프리랜서",티큐소프트,경기도 부천,https://www.indeed.com/viewjob?jk=fb837e2ca49524c7
추천 시스템 소프트웨어 엔지니어,카카오,성남 판교역,https://www.indeed.com/viewjob?jk=07375dc4e800dfa9
대용량 분산 스토리지 개발자,카카오,성남 판교역,https://www.indeed.com/viewjob?jk=37d1f6dbb37f8a38
기간제 근로자(웹 프로그래머) 3차,기상청,대한민국,https://www.indeed.com/viewjob?jk=4dbab2d6022de97c
ICT개발(전자금융) [저축은행그룹 모기업],피플렙,서울 구로구,https://www.indeed.com/viewjob?jk=d04f4e577b9d3b14
[TmaxSoft/관리] 전사 정보시스템 설계 및 개발 관리,티맥스소프트,성남 분당구,https://www.indeed.com/viewjob?jk=3f7730fef9146105
"경력 6개월 이상 JAVA, DELPHI 개발자[웹, 모바일앱] (정직원 및 프리랜서)",하이앤씨아이티,서울 강남구,https://www.indeed.com/viewjob?jk=d67095fece86c067
"웹개발(닷넷,java ) 및 정규직 (수원/영통)",모은넷,수원 영통구,https://www.indeed.com/viewjob?jk=e4d37aef3d5f50b9
2020 춘계 SW QA엔지니어,엔테크서비스,성남 분당구,https://www.indeed.com/viewjob?jk=b18498aa53b5269b
"JAVA, C언어 개발자",이지서티,서울 구로구,https://www.indeed.com/viewjob?jk=e1f69611698b1585
[KSTEC] RPA 시스템 개발 경력사원,지식시스템,성남 분당구,https://www.indeed.com/viewjob?jk=b51409eeb3546749
"웹 개발자 Java,JSP/PHP 웹개발자 정규직",서원,대전 유성구,https://www.indeed.com/viewjob?jk=8c21315d03dc48ab
"JAVA웹 중급개발자, 안드로이 중급 개발자 경력 정규직",솔게이트,서울 종로구,https://www.indeed.com/viewjob?jk=a9ad21994c965531
Global Payment 서버 개발,LINE Plus corporation,성남 판교역,https://www.indeed.com/viewjob?jk=4f1aecf6dcd78d95
ICT개발(뱅킹시스템) [저축은행그룹 모기업],피플렙,서울 구로구,https://www.indeed.com/viewjob?jk=59e9a246c1754f4f
[KSTEC] 최적화 컨설턴트 신입 및 경력사원,지식시스템,성남 분당구,https://www.indeed.com/viewjob?jk=3965338936022370
[어니컴(주)] Java/JSP web 개발자 경력직,어니컴,서울 서초구,https://www.indeed.com/viewjob?jk=ae71e1688f7b6bc4
Y사 프론트엔드 구축(Java/6개월/역삼),디와이즈,서울 강남구,https://www.indeed.com/viewjob?jk=922762e304d67724
[인턴] RCS(Risk Consulting Services) 본부 Forensic(Forensic Technology 팀) 업무보조 인턴,삼정 KPMG,서울 강남구,https://www.indeed.com/viewjob?jk=e4e36162481db73f
Developer / Designer recruit,마이뮤직테이스트,서울 논현동,https://www.indeed.com/viewjob?jk=55a19c92c845685e
사내 인프라 시스템 개발자 ( 사내 계정 및 IT인프라 ITSM 플랫폼 개발 및 운영 ),카카오,성남 판교역,https://www.indeed.com/viewjob?jk=f12bbdbc315cd21e
[인프라기술실] 웹개발,네오플,서울 강남구,https://www.indeed.com/viewjob?jk=64aa283a326e41d4
웹/모바일 금융 시스템 개발 및 지원업무,아주캐피탈,서울 서초구,https://www.indeed.com/viewjob?jk=3390fd68a1e4e69c
"[해외취업] 일본 SDP Java개발, 인프라구축 사원",SDP,대한민국,https://www.indeed.com/viewjob?jk=c5d4dc738d653511
각 부문별 경력사원,LS글로벌,경기도,https://www.indeed.com/viewjob?jk=b869960e4076741d
(주)아크데이타 개발자,아크데이타,대구 남구,https://www.indeed.com/viewjob?jk=d5502f223b597e19
"응용프로그래머,알고리즘,영상처리, 머신비전, AI 개발자",펨트론,서울 금천구,https://www.indeed.com/viewjob?jk=ac2affe448910409
[Junior] 서비스 Client 개발자,에스케이텔레콤,서울 중구,https://www.indeed.com/viewjob?jk=0f732e91816e8ad4
Battery 제조 R&D/PLM 시스템 구축 및 운영 모집,국내 유명 IT 대기업,대전,https://www.indeed.com/viewjob?jk=bc85f2c6cdb37d0a
경력사원 (효성캐피탈),효성캐피탈,대한민국,https://www.indeed.com/viewjob?jk=4da644bd72f6eef5
[대기업건설업계/자체직] 웹개발자 (JAVA . JSP),KIAC,서울,https://www.indeed.com/viewjob?jk=07ee4396a5032051
인공지능 실무인력 양성 과정,한국로봇융합연구원,서울,https://www.indeed.com/viewjob?jk=7458651e18d030ea
인사시스템 개발자,카카오,성남 판교역,https://www.indeed.com/viewjob?jk=16af988cd8210617
AD Performance Ops,LINE Plus corporation,성남 서현역,https://www.indeed.com/viewjob?jk=e08940daf24ccb25
HW/SW 분야에 직무 교육 전문 강사,에이치에스글로벌,서울 강남구,https://www.indeed.com/viewjob?jk=421623032a9d5714
Data Scientist III,Amazon Web Services Korea LLC,서울,https://www.indeed.com/viewjob?jk=67ca30c143379281
데이터 사이언티스트 지향하는 데이터 엔지니어,카카오,성남 판교역,https://www.indeed.com/viewjob?jk=385c58c7ced1d77b
"GoLang,JAVASCRIPT,C/Ctt",엔큐브스튜디오,제주 제주시,https://www.indeed.com/viewjob?jk=dfd5c3fddf1c43b3
JAVA 개발자 대규모 인재 [광고플랫폼 업계1위/청년친화강소기업],인라이플,서울 구로구,https://www.indeed.com/viewjob?jk=da270a2e37960047
로데브R&D센터 고경력 연력,로데브,안양 동안구,https://www.indeed.com/viewjob?jk=16d2216984c6d33a
VR 시뮬레이터 개발 신규 인력,옵티머스 시스템,용인 기흥구,https://www.indeed.com/viewjob?jk=12456fe793552bf9
JAVA서버 개발자,휴빌론,서울 서초구,https://www.indeed.com/viewjob?jk=fb64ef2b3aba9619
(현대L&S) 경력사원 공채(ICT 기획/개발),현대중공업지주,울산 전하동,https://www.indeed.com/viewjob?jk=2d588c5131e51c1f
빅데이터 분석가 인턴 모집,엘에스글로벌인코퍼레이티드,안양 호계동,https://www.indeed.com/viewjob?jk=01283c38dece4a4c
국가기상위성센터 전문연구요원 (마감일자: 2015. 11. 6.),기상청,대한민국,https://www.indeed.com/viewjob?jk=49bdb1e60495fe3c
"JSP, JAVA 경력 정규직",모드니사회적협동조합,서울,https://www.indeed.com/viewjob?jk=d5a295604fb80d72
개발 총괄 PM,비플러스랩,대한민국,https://www.indeed.com/viewjob?jk=9c63fea8a3b83a00
2020 박사,세메스,천안 서북구,https://www.indeed.com/viewjob?jk=ed01858a0804bd1d
JAVA 기반 모바일 웹 서비스 개발,한국사이버결제,서울 구로구,https://www.indeed.com/viewjob?jk=74c292088467ca45
APEC 직원 (IT분야),기상청,대한민국,https://www.indeed.com/viewjob?jk=f4157a7e10849024
머신러닝/딥러닝,NHN,성남 판교역,https://www.indeed.com/viewjob?jk=cd8ee27085e6a2ff
프로그램 개발(JAVA) 전문가,IZYTECH이지텍,서울 성동구,https://www.indeed.com/viewjob?jk=e79970c4c73e2bda
인포카 본사 시스템 소프트웨어 개발 정직원 (신입가능),인포카,대전 유성구,https://www.indeed.com/viewjob?jk=6c1959ba878f6936
기상기후인재개발원 무기계약 근로자,기상청,대한민국,https://www.indeed.com/viewjob?jk=b2d43659297d5dc5
[신입] 대기업관공서 JAVA 프로그래머,㈜루트시스템즈,서울,https://www.indeed.com/viewjob?jk=550555c12712c46b
[동영상플랫폼] 연계형 인턴십,네이버,대한민국,https://www.indeed.com/viewjob?jk=e65a195da656bcdc
2020 상반기 개발직군,딜리버리히어로코리아,서울 서초구,https://www.indeed.com/viewjob?jk=518298c796a11371
"C언어, JAVA(1명)/OA, 컴활1급(1명) 파트(주말)",대건정보처리학원,서울 강동구,https://www.indeed.com/viewjob?jk=79b466dd7ae87921
주니어 데이터 엔지니어 / Junior Data Engineer,Bagelcode,서울,https://www.indeed.com/viewjob?jk=65232d6e37b8f7fb
[비즈플랫폼개발] 네이버 글로벌 광고 데이터/AI 엔지니어,네이버,대한민국,https://www.indeed.com/viewjob?jk=1f151b0647fc74c5
KNOWLEDGE MANAGEMENT SPECIALIST,US Department of the Air Force,대한민국,https://www.indeed.com/viewjob?jk=d54f6483a217766f
Observability(Monitoring) Infrastructure 개발,LINE Plus corporation,성남 서현역,https://www.indeed.com/viewjob?jk=0a1f019aab5659a0
"(경력) 클라우드 플랫폼 개발팀 [Java, Spring]",오케스트로,서울 영등포구,https://www.indeed.com/viewjob?jk=a6c1f914cd035dbb
"JAVA, PHP 외 경력 정규직",크레파스솔루션,서울 영등포구,https://www.indeed.com/viewjob?jk=5b466717bb497876
애니파이브 - JAVA 개발자 경력직(정규직),애니파이브,서울 구로구,https://www.indeed.com/viewjob?jk=1dbf974fbe4e5628
웹 퍼블리셔,현대그린푸드,용인 수지구,https://www.indeed.com/viewjob?jk=0b3a7eb1571b31dd
웹프로그래머 (FrontEnd) 기업부설연구소 연구원 #python #js #FullStack #모바일,넥스텝코리아,서울 용산구,https://www.indeed.com/viewjob?jk=e5dc298b211bf390
"소프트웨어 설계/개발 (Java, C, C++, Database) 경력자",태마루,서울 송파구,https://www.indeed.com/viewjob?jk=70f5d8f3a3af5050
효성 경력사원 (노틸러스효성),효성티앤에스,대한민국,https://www.indeed.com/viewjob?jk=ffd48585acca89f6
네이버 O2O서비스 개발자,네이버,대한민국,https://www.indeed.com/viewjob?jk=5d0af321fe085616
기술연구소 웹프로그래밍 연구개발 경력직,인코리아 프로페셔널,서울 성동구,https://www.indeed.com/viewjob?jk=e344fae0adb0dfcb
웹프로그래머 정규직,약사와건강,용인 기흥구,https://www.indeed.com/viewjob?jk=0cc3bb96bcdde634
G사 커머스 연동프로젝트(JAVA/4개월/역삼),디와이즈,서울 강남구,https://www.indeed.com/viewjob?jk=8973726a93e0c63a
"IT기술지원, S/W 엔지니어 외 신입/경력 정규직",지엑스에스,서울 종로구,https://www.indeed.com/viewjob?jk=87c43e2a35c1e82f
2020년 개발자/경영지원,심시스글로벌,서울 서초구,https://www.indeed.com/viewjob?jk=69bcbac49023acae
웹퍼블리셔(HTML코딩) 경력 정규직,크리콜투,서울 서초구,https://www.indeed.com/viewjob?jk=91b0efa6071efbe0
"JSP, JAVA 외 신입/경력 정규직",수테크시스템즈,서울,https://www.indeed.com/viewjob?jk=66b15f9144f41ac0
협동로봇 테크니션 및 컨설턴트 양성 과정,한국로봇산업협회,서울 노원구,https://www.indeed.com/viewjob?jk=1b386e57da3b363b
[메가존] MSA 아키텍처 대규모 .,메가존,서울 강남구,https://www.indeed.com/viewjob?jk=3b11ccb293fe543e
신입 R&D 연구원,스마트컨버전스,서울 중구,https://www.indeed.com/viewjob?jk=8a77ea973c5614ef
강원지방기상청 홈페이지 운영 기간제 근로자,기상청,대한민국,https://www.indeed.com/viewjob?jk=8d619e4fbee47a48
SW 인재,비즈니스인사이트,서울 강남구,https://www.indeed.com/viewjob?jk=05d9e28e8c93efc8
"2020년 1분기 부문별 신입, 경력 모집",㈜무하유는,대한민국,https://www.indeed.com/viewjob?jk=37aebf847064b980
[인재풀] Central Development Services,Electronic Arts,서울,https://www.indeed.com/viewjob?jk=d9a8d22b38653d34
Blockchain Software Engineering in Test,LINE Plus corporation,성남 서현역,https://www.indeed.com/viewjob?jk=500cf744f1af9b91
FDS 서버 개발,LINE Plus corporation,성남 판교역,https://www.indeed.com/viewjob?jk=deb23c0881100256
게임 플랫폼 서버 개발,LINE Plus corporation,성남 서현역,https://www.indeed.com/viewjob?jk=663be407a2dc3442
커머스 플랫폼 개발 (데이터 엔지니어),LINE Plus corporation,성남 서현역,https://www.indeed.com/viewjob?jk=b245cdab72782813
커머스 플랫폼 개발 (프론트엔드 엔지니어),LINE Plus corporation,성남 서현역,https://www.indeed.com/viewjob?jk=c19ee6821f101091
빅데이터 서비스 플랫폼 개발,LINE Plus corporation,성남 서현역,https://www.indeed.com/viewjob?jk=3656db505a493a6e
빅데이터 플랫폼 운영 (HBase엔지니어),LINE Plus corporation,성남 서현역,https://www.indeed.com/viewjob?jk=d67619b2f9558d16
[TmaxSoft/기술] Soft 기술지원 엔지니어,티맥스소프트,성남 분당구,https://www.indeed.com/viewjob?jk=145049acaa5200f9
"APEC 기후센터 기후정책, 대외협력, 행정 및 IT 업무",기상청,대한민국,https://www.indeed.com/viewjob?jk=2af9b8c0dd2db7c5
2020년 신규 개발자,thecompany,경상남도,https://www.indeed.com/viewjob?jk=5699cdfbc747b0bd
2018년 제2차 기상레이더센터 연구원(장애인) 특별,기상청,대한민국,https://www.indeed.com/viewjob?jk=8b33380c13b9f0c0
NXLog리포트팀 - 웹 프로그래머,Nexon,성남 분당구,https://www.indeed.com/viewjob?jk=67d626ca09b630e3
Developers,Coinplug,경기도 성남,https://www.indeed.com/viewjob?jk=9a9e91ae6092ed2d
C/C++ 서버프로그램 개발(신입/경력),퓨렌스,서울 가산동,https://www.indeed.com/viewjob?jk=474034826f8d98c8
"Customer Solutions Engineer, Global Client and Agency Solutions",Google,서울,https://www.indeed.com/viewjob?jk=2615f45e6f912c05
AD Performance Dev,LINE Plus corporation,성남 서현역,https://www.indeed.com/viewjob?jk=cef60a5a4a42fe95
판타지볼(fantasyballcokr) 게임 운영 / 개발 & 외주업체 관리,아이스라이트,서울 영등포구,https://www.indeed.com/viewjob?jk=d4bd36ed9ecd0628
"MVP 개발 엔지니어(서버, 웹프론트) (정규직, 계약직, 프리랜서)",더테스터,대전 중구,https://www.indeed.com/viewjob?jk=1748baa27965fdbf
[메가존] 정보보호 및 개인정보보호 담당자 (신입/경력),메가존,서울 강남구,https://www.indeed.com/viewjob?jk=eda2098164f2e92f
Java 서버 프로세스 개발,한국사이버결제,서울 구로구,https://www.indeed.com/viewjob?jk=79e8006a30baeef6
분석 플랫폼 웹 프론트 엔지니어,Nexon,성남 분당구,https://www.indeed.com/viewjob?jk=eeb027369cdab361
신규 글로벌 Entertainmant 서비스 API 서버 개발,LINE Plus corporation,성남 정자역,https://www.indeed.com/viewjob?jk=9b44934f71fd85f6
"[신입/경력] Nexacro, JAVA, Spring 개발자",율시스템,대전 유성구,https://www.indeed.com/viewjob?jk=5d0c3be05a2211ae
[Search&Clova] Clova AI NSML 개발자 신입/경력사원,네이버,대한민국,https://www.indeed.com/viewjob?jk=be12216f9bb224c1
SI 프로젝트 개발자 (계약직 및 프리랜서),케이포시큐리티,서울 구로구,https://www.indeed.com/viewjob?jk=ee5df99ada829d81
"웹프로그래머 (java, jsp, Spring)",아이티굿,안양 동안구,https://www.indeed.com/viewjob?jk=e635938a2c1548d2
개발부 응용프로그램개발 경력사원,희원,창원 성산구,https://www.indeed.com/viewjob?jk=1c060337f43e1238
JAVA 개발자(경력 1년이상),에스씨아이포스,서울 마포구,https://www.indeed.com/viewjob?jk=13dfb2a885857033
Intelligent Module Developer,DP World,서울,https://www.indeed.com/viewjob?jk=50a9e474b030aadd
"(신촌세브란스/월189만) 복합기 단순 유지보수, 소모품확인",외국계기업,서울 서대문구,https://www.indeed.com/viewjob?jk=dac463584a593e7a
IT 중소기업 Solution 개발 경력직(과차장급),커리어파크(Career Park),안양 동안구,https://www.indeed.com/viewjob?jk=9639b4f06bdb01a7
JAVA NEXACRO 인사업무개발-양재시민의숲역,연우정보기술,서울 서초구,https://www.indeed.com/viewjob?jk=9b3a9ccc3caefdc1
비즈개발실 서버 개발자 (경력),카카오,대한민국,https://www.indeed.com/viewjob?jk=736eb193e417cee2
JAVA프로그래머,부품디비,대전 유성구,https://www.indeed.com/viewjob?jk=8dc9dfc32db6437e
JAVA 개발자,위즈온텍,서울 중구,https://www.indeed.com/viewjob?jk=66249e1638b6c1b0
"1인 식문화에 새로운 흐름 가져올 푸드테크 기업, 가배브로스 공동 창업자 겸 SW개발자",가배브로스,대한민국,https://www.indeed.com/viewjob?jk=0dea68838cffc122
[Search&Clova] Clova AI Avatar 개발자 체험형 인턴,네이버,대한민국,https://www.indeed.com/viewjob?jk=3c388695f63b589b
다음 홈 개발자 (경력),카카오,성남 판교역,https://www.indeed.com/viewjob?jk=68651e9e445b65fe
강원지방기상청 홈페이지 운영 무기계약근로자,기상청,대한민국,https://www.indeed.com/viewjob?jk=ab53910cd3270a4c
프로그램개발 신입/경력 정규직,흥화,포항 남구,https://www.indeed.com/viewjob?jk=0a37e0f8ef9e95ef
[Search&Clova] Clova AI Avatar 개발자 신입/경력사원,네이버,대한민국,https://www.indeed.com/viewjob?jk=d73b23c4c2df8b11
(주)NDSOFT 2020년도 개발자,엔디소프트,부산 해운대구,https://www.indeed.com/viewjob?jk=b310ae647c24f57b
Junior Full-Stack Developer,Asiance,서울,https://www.indeed.com/viewjob?jk=7268328c0d71d81c
Tech U Associate Technical Trainer - 2020 Korea,Amazon Web Services Korea LLC,서울,https://www.indeed.com/viewjob?jk=a8b83b3070bb370a
쇼핑몰 솔루션 개발( PHP 백엔드 및 유지보수),제트앤에스,서울 강남구,https://www.indeed.com/viewjob?jk=73b539f55bb7c5b0
Engineering Infrastructure 운영 및 개선,LINE Plus corporation,성남 서현역,https://www.indeed.com/viewjob?jk=6fd1a7a454a001bf
Global Fintech 데이터 플랫폼 개발,LINE Plus corporation,성남 판교역,https://www.indeed.com/viewjob?jk=ab8a88e652ab8896
2분기 개발자,이스트게임즈,서울 서초구,https://www.indeed.com/viewjob?jk=9b03fb4dca96750c
(주)광주은행 IT 채용,광주은행,광주 대인동,https://www.indeed.com/viewjob?jk=e1f7eeb927e3b139
"APP, JAVA 경력 정규직",더9컴퍼니코리아,서울 강남구,https://www.indeed.com/viewjob?jk=3007d180dfca2ab1
2020년 소프트웨어 개발자 보충역 산업기능요원 (병역특례) (2차),엠더블유스토리,서울 성북구,https://www.indeed.com/viewjob?jk=799f3b196119565e
[경력] 대기업관공서 JAVA 프로그래머,㈜루트시스템즈,서울,https://www.indeed.com/viewjob?jk=fcd709c5e2055fb2
자동제어 프로젝트 개발 및 시운전,오픈컨트롤,경기도 시흥,https://www.indeed.com/viewjob?jk=ff60191500bdaef3
안드로이드/ 윈도우서버 스프링 개발자 / 풀스택 개발자 정규직,thecompany,경상남도,https://www.indeed.com/viewjob?jk=879b70d978f1c14f
JAVA 웹개발자(경력),유핏,서울 강남구,https://www.indeed.com/viewjob?jk=36e1374298f3cb67
"JAVA, 웹개발자",캐디언스시스템글로벌,경기도 광명,https://www.indeed.com/viewjob?jk=aba38749da33f337
2020년도 상반기 부문별 정기,위즈코리아,서울 강서구,https://www.indeed.com/viewjob?jk=c53bc16505a446a5
"금융 데이터 분석 엔진, 로보어드바이저 개발자",에스비씨엔,서울 영등포구,https://www.indeed.com/viewjob?jk=649ccf047c868778
스마트팩토리(프로그램) 개발 및 시운전,오픈컨트롤,경기도 시흥,https://www.indeed.com/viewjob?jk=d95f922f0832ccfe
"[정규직 경력] 응용SW(모바일/웹, 프론트엔드, 백엔드, Java-JSP, IOS/AOS앱) 개발자",티파이브온라인,서울 금천구,https://www.indeed.com/viewjob?jk=dc0138fa03205b73
항공기상청 기간제 근로자(연구원),기상청,대한민국,https://www.indeed.com/viewjob?jk=d0a57e8a48d77ac0
수도권기상청 기간제 근로자(연구원),기상청,대한민국,https://www.indeed.com/viewjob?jk=a551e43eed0a7f39
java 개발자,대유넥스티어,서울 성동구,https://www.indeed.com/viewjob?jk=32f248b6507972d3
[경력] 빅데이터 플랫폼 엔지니어,카카오,성남 판교역,https://www.indeed.com/viewjob?jk=61ecdc0ef3cfb66a
[KSTEC] SW 프로그래머 경력사원,지식시스템,성남 분당구,https://www.indeed.com/viewjob?jk=e84ac9cab5a36e69
계측기술과 기간제 근로자(장애인) 특별,기상청,대한민국,https://www.indeed.com/viewjob?jk=6b8d2f3caa39256f
2019년도 제5회 국립기상과학원 공무직 등 근로자,기상청,대한민국,https://www.indeed.com/viewjob?jk=fc8689d2d4355629
헤븐트리와 함께 성장할 SW개발자 : ),헤븐트리,경상북도 경산,https://www.indeed.com/viewjob?jk=407677027c8afc45
기상레이더센터 기간제근로자,기상청,대한민국,https://www.indeed.com/viewjob?jk=9b3ed56ce893af40
챗봇 플랫폼 개발자,카카오,성남 판교역,https://www.indeed.com/viewjob?jk=20d40ee61adffeca
서비스 응용/웹(Java) 개발 다수(대리~과장),Success Korea,서울 방배동,https://www.indeed.com/viewjob?jk=c6bbf5b9e1c5f967
2020 춘계 SW QA 엔지니어 채용,엔테크서비스,성남 서현동,https://www.indeed.com/viewjob?jk=0beefd799c994210
USN 분야 서버 개발(JAVA),Success Korea,서울 대림역,https://www.indeed.com/viewjob?jk=97da6234aaf5ae40
JAVA 개발자,베데스다소프트,서울 금천구,https://www.indeed.com/viewjob?jk=f9d51704d68450ce
"서버개발/웹개발/모바일(안드로이드,IOS)",(주)리치빔,서울 오금동,https://www.indeed.com/viewjob?jk=32e48945651ff494
데이터 엔지니어,리디,서울특별시,https://www.indeed.com/viewjob?jk=1937ebb0ea172f08
Robot SW Engineer 그룹 IT인프라 구축,그룹 IT인프라 구축,서울특별시,https://www.indeed.com/viewjob?jk=7c7f6f9c070d78bd
JAVA 개발자,투와이,시흥 정왕동,https://www.indeed.com/viewjob?jk=e6def20c7dc7b6eb
C# JAVA 프로그래머 (당사 및 타사)-전국,연우정보기술,서울,https://www.indeed.com/viewjob?jk=a660a908d4279ca1
[정규직] 2020년 (주) 퍼브 개발자 경력,퍼브,서울 강서구,https://www.indeed.com/viewjob?jk=1518f10f17c4d4d7
프로그램 개발(JAVA) 전문가,IZYTECH(이지텍),서울 성동구,https://www.indeed.com/viewjob?jk=0419025ae7d60851
펀드회계부문 등 신입 및 경력직원,하나펀드서비스,서울 중구,https://www.indeed.com/viewjob?jk=96b566fe57fec895
한국환경공단 본사 온실가스정보팀 기간제근로자,한국환경공단,대한민국,https://www.indeed.com/viewjob?jk=b1ad7179c9cf638a
[Platform Labs] 커머스 플랫폼 서버 개발자,네이버,대한민국,https://www.indeed.com/viewjob?jk=7ea66d547aca4b16
백엔드 엔지니어 (e-커머스),리디,서울특별시,https://www.indeed.com/viewjob?jk=fb0d4b29731b536d
홈페이지 운영을 위한 기간제 근로자(웹프로그래머),기상청,대한민국,https://www.indeed.com/viewjob?jk=5376b9f2198aa4e9
수도권청 홈페이지 운영 기간제 근로자,기상청,대한민국,https://www.indeed.com/viewjob?jk=9677db5573fa51a5
[멜론] 빅데이터 서비스 개발자,카카오,성남 판교역,https://www.indeed.com/viewjob?jk=3e2a310c9dd0f693
네이버 Article Studio 백엔드 개발자,네이버,대한민국,https://www.indeed.com/viewjob?jk=93cb48d077c547ca
서버 웹 애플리케이션 개발,픽셀로,경기도 의왕,https://www.indeed.com/viewjob?jk=314cb11dce58741e
야놀자트래블 서버플랫폼 개발,야놀자트래블,서울 강남구,https://www.indeed.com/viewjob?jk=3d2a4dc66d0193c0
서버 및 응용 어플리케이션 개발 급성장 핀테크 보안 솔루션 스타트업 new,급성장 핀테크 보안 솔루션 스타트업,서울특별시,https://www.indeed.com/viewjob?jk=6e8cef23be801c0f
[Search&Clova] Clova 챗봇 Platform 개발 신입/경력사원,네이버,대한민국,https://www.indeed.com/viewjob?jk=b2cfcc7d4b79c216
웹개발자,씨엠엑스,서울 금천구,https://www.indeed.com/viewjob?jk=1f91f3c8cb1d32c5
서버 아키텍트,한국카카오은행,경기도 성남,https://www.indeed.com/viewjob?jk=865bfa548ec599bd
관측정책과 기간제 근로자,기상청,대한민국,https://www.indeed.com/viewjob?jk=5738083ef83be749
관측정책과 기간제 근로자 특별,기상청,대한민국,https://www.indeed.com/viewjob?jk=ff2575a18346d8eb
관측정책과 기간제 근로자(장애인) 특별,기상청,대한민국,https://www.indeed.com/viewjob?jk=2d58f4ff56d9eb60
국가기상위성센터 기간제근로자(연구원),기상청,대한민국,https://www.indeed.com/viewjob?jk=29608f39aa13a063
시스템 엔지니어링,NHN,성남 판교역,https://www.indeed.com/viewjob?jk=2c0226e483779522
BI솔루션 PM / PL / 개발직,비아이매트릭스,서울 강남구,https://www.indeed.com/viewjob?jk=0e9f8a15bb3d2662
계측기술과 기간제 근로자,기상청,대한민국,https://www.indeed.com/viewjob?jk=2a2ba538ddd9b428
O2O서비스 커머스 프론트엔드 개발/관리,에이스파트너스서치펌,서울,https://www.indeed.com/viewjob?jk=dff30622c9d60451
JAVA웹어플리케이션 개발,Success Korea,서울 가산동,https://www.indeed.com/viewjob?jk=6d7996cd08e6c7f4
[400만의 선택 데이트팝] 안드로이드 앱 개발자,텐핑거스,서울 구로구,https://www.indeed.com/viewjob?jk=d5fcf242923cc0e5
JAVA 개발자,쓰리디뱅크,서울 용산구,https://www.indeed.com/viewjob?jk=17184c136d3f0432
국내 리딩ICT 솔루션기업 블록체인사업개발 담당 포지션 ASAP,국내 리딩ICT 솔루션기업,서울,https://www.indeed.com/viewjob?jk=9c53168f1dda799f
제우스 웹개발자 (경력직),농업회사법인 제우스,제주 제주시,https://www.indeed.com/viewjob?jk=66a4dd38164e0603
디지털마케팅 (주)이인벤션 기업/브랜드 PHP웹개발자 부문,이인벤션,서울 구로구,https://www.indeed.com/viewjob?jk=344a1d3ed4c2f02e
홈페이지 개발 및 운영 인력,기상청,대한민국,https://www.indeed.com/viewjob?jk=83fd1bd7ea2d37a7
BI 운영 그룹 주력계열사,그룹 주력계열사,서울특별시,https://www.indeed.com/viewjob?jk=e5098c47e3662580
제조(Hi-Tech) 자동화시스템 개발자,국내 유명 IT 대기업,경기도 이천,https://www.indeed.com/viewjob?jk=1ba037fa06e7a994
수도권기상청 기간제근로자(연구원),기상청,대한민국,https://www.indeed.com/viewjob?jk=16574a939307bac1
Java 백엔드 개발자,TEAM42,서울 마포구,https://www.indeed.com/viewjob?jk=6cc4ad3e37ceabe1
"JAVA 경력 정규직 (5인,부산)",커리어셀파,부산 남구,https://www.indeed.com/viewjob?jk=bdda93136a508507
JAVA 프로그래머 수시-가산디지털단지역,연우정보기술,서울 강남구,https://www.indeed.com/viewjob?jk=d414d702649a6bd5
"비젼 프로그램 개발, 자동제어 외 경력 정규직",에프피에이,경기도 화성,https://www.indeed.com/viewjob?jk=338660b483fec9e9
좋은 코드 짤 수 있는 프로그래머,미리디아이에이치,서울 구로구,https://www.indeed.com/viewjob?jk=b8df8637946f9a34
검색서비스 서버 개발 신입/경력,포티투마루,서울 관악구,https://www.indeed.com/viewjob?jk=e010f7780d479126
자본시장(Markets) 시스템 전산개발,CITI,인천,https://www.indeed.com/viewjob?jk=f094388e111d5403
[Search & Clova] NAVER Search 이미지 검색서버개발 신입/경력사원,네이버,대한민국,https://www.indeed.com/viewjob?jk=a771637c0eeffc26
"소프트웨어 개발 경력자 ( C, C++,JAVA)",태마루,서울 송파구,https://www.indeed.com/viewjob?jk=e16d15f553a98a7d
윈도우 응용소프트웨어 개발외 각 부문,씨케이다,서울 금천구,https://www.indeed.com/viewjob?jk=334956f26922ee72
데이터 플랫폼 개발,NHN PAYCO,성남 판교역,https://www.indeed.com/viewjob?jk=a65baa1929f29393
연구원(기간제 근로자) 추가,기상청,대한민국,https://www.indeed.com/viewjob?jk=5caeb42cfb0b15c1
[시스템 엔지니어] 콜센터 솔루션 구축 신입,디오티스,서울 강남구,https://www.indeed.com/viewjob?jk=d54a2ef1566027df
글로벌 솔루션 기반 데이터 분석가,비즈플러그,서울 송파구,https://www.indeed.com/viewjob?jk=4d29dbbb5926d921
"MES 프로그램 개발자 (Delphi ,VB, MS SQL 경력자)",창성테크노,경기도 화성,https://www.indeed.com/viewjob?jk=6b3eff481a660575
소프트웨어 프로그램 개발자 경력사원,퍼시픽솔루션,안양 동안구,https://www.indeed.com/viewjob?jk=8fe1140b511ec280
조이랩 - 소프트웨어 개발 직군,조이랩,경상북도 경산,https://www.indeed.com/viewjob?jk=b53159d1b675aa4b
소프트웨어 개발 인력,엘에스디지탈,울산 울주군,https://www.indeed.com/viewjob?jk=a754137316b905b3
웹마스터 웹디자인 가능자,메디소프트,용인 처인구,https://www.indeed.com/viewjob?jk=4ec2df1c0209e188
IT 관련직원,이노플라이,서울 영등포구,https://www.indeed.com/viewjob?jk=f2bad4603d9397ca
인공지능 대표기업 솔트룩스 각 부문 신입 및 경력사원,솔트룩스,서울 강남구,https://www.indeed.com/viewjob?jk=67b4b45ba3a82fd6
C언어 사용가능 프로그래머,다온정보,전주 덕진구,https://www.indeed.com/viewjob?jk=7b74c46a42792fa3
웹퍼블리셔 경력직,쇼엠,인천 연수구,https://www.indeed.com/viewjob?jk=eed7119aade5685b
산업용 S/W 프로그래밍 및 개발 전문연구요원 (병역특례),여의시스템,성남 중원구,https://www.indeed.com/viewjob?jk=399cec6cd2a3b85b
[핀테크사] Application Architect,커리어라임즈,서울,https://www.indeed.com/viewjob?jk=8857e150e3aab575
"IOS /MAC 프로그램 개발, Android / Java 프로그램 개발 외 신입/경력 정규직",코이노,서울 구로구,https://www.indeed.com/viewjob?jk=40415b76893de1f4
"IoT 기기 개발 및 임베디드 프로그래머, 스마트팩토리 구축",하솜정보기술,서울 마포구,https://www.indeed.com/viewjob?jk=e63981813c284c4a
펌웨어 및 임베디드 응용 소프트웨어 개발자,캔탑스,수원 영통구,https://www.indeed.com/viewjob?jk=da1908d525d44182
네이버 쇼핑검색플랫폼 개발자,네이버,대한민국,https://www.indeed.com/viewjob?jk=f3a14b3f8d9e3e12
2020년 상반기 개발자 및 PM 경력직원,㈜정도유아이티,서울 강남구,https://www.indeed.com/viewjob?jk=dcfa3be7129879df
[서울 본사] SW 개발 정규직,다스코포레이션,서울 구로구,https://www.indeed.com/viewjob?jk=860c0145db2f9157
청주기상지청 기간제 근로자(연구원),기상청,대한민국,https://www.indeed.com/viewjob?jk=a8b430c3c066f1a7
웹 프론트엔드 개발자,더벗,서울 마포구,https://www.indeed.com/viewjob?jk=8372800a47829181
2016년도 국립기상과학원 1분기 연구원(기간제근로자),기상청,대한민국,https://www.indeed.com/viewjob?jk=77955be6154ad8d6
동영상서비스/플랫폼 서버개발자,카카오,성남 판교역,https://www.indeed.com/viewjob?jk=707559b03d7a26fc
[외국계법인] IT 엔지니어 (주임-과장급),더라이징스타에스,서울,https://www.indeed.com/viewjob?jk=27e7bd6fc1e6781e
동영상 데이터/비즈 플랫폼 서버 개발자,카카오,성남 판교역,https://www.indeed.com/viewjob?jk=3190803dba63c314
연구원(기간제 근로자) 3차,기상청,대한민국,https://www.indeed.com/viewjob?jk=911ed7d7e332fd8a
서비스 응용/웹(Java) 개발 3명(대리~과장),Success Korea,서울 방배동,https://www.indeed.com/viewjob?jk=319ae98e1936302c
[던파모바일2D] 웹개발자,네오플,서울 강남구,https://www.indeed.com/viewjob?jk=93596c684023eea6
"웹, 앱 연동 통합 프로젝트 기획 및 관리자(PM)",신아시스템,창원 의창구,https://www.indeed.com/viewjob?jk=70dff311c4f7c130
네이버 일본 맛집 서비스 CONOMI Backend 개발자,네이버,대한민국,https://www.indeed.com/viewjob?jk=0c32265fe4f353d8
Payment•Point 서버 개발,LINE Plus corporation,성남 판교역,https://www.indeed.com/viewjob?jk=1ce387947768d26e
Messenger Server Platform 개발,LINE Plus corporation,성남 서현역,https://www.indeed.com/viewjob?jk=c7a83c20db0a992a
2015년도 하반기 국립기상과학원 연구원(기간제근로자) (마감: 2015.11.27.),기상청,대한민국,https://www.indeed.com/viewjob?jk=9fe3fc728aaf80c5
JAVA 경력사원 정규직,에오스와이텍,서울 강남구,https://www.indeed.com/viewjob?jk=3bb6413ddb2e23bc
프로젝트 웹 개발자(JAVA) 경력직,인포텍코퍼레이션,서울 영등포구,https://www.indeed.com/viewjob?jk=3ba201322fd814b2
연구/프로그래밍/,티랩스,서울,https://www.indeed.com/viewjob?jk=ba7fb8cd2a5b0a91
암호화폐 관련 프론트앤드 개발자,mostcore,경기도 시흥,https://www.indeed.com/viewjob?jk=cde20cf3971879ea
소프트웨어 엔지니어,Nexon,성남 분당구,https://www.indeed.com/viewjob?jk=8f897aba2bc6b934
공장자동화(Smart Factory) 솔루션 개발 신입/경력 정규직,샤인소프트,경기도,https://www.indeed.com/viewjob?jk=cb5da7c2177ac4ae
풍력연구소 C# Web S/W 개발 연구원,유니슨,대전 유성구,https://www.indeed.com/viewjob?jk=da20d3b8afbbd5fe
LINE LIVE 모바일 클라이언트 개발,LINE Plus corporation,성남 서현역,https://www.indeed.com/viewjob?jk=f7f8f48783622618
오티아이(주) SW개발 부문 신입 및 경력직,오티아이,성남 분당구,https://www.indeed.com/viewjob?jk=5fe3f303321c0647
"웹기획, 웹프로그래머, 웹앱개발, 웹디자인",뭉치,서울 마포구,https://www.indeed.com/viewjob?jk=1bdf7ac298a83408
[JAVA 웹 개발자] 대리 및 과장급 경력사원,로데브,안양 동안구,https://www.indeed.com/viewjob?jk=6e9c57654f9b822c
리딩 ICT기업 SCM(Factory Planning) 컨설턴트 포지션 (5년 이상~)ASAP,국내 TOP-TIER 리딩ICT 솔루션 기업,서울 송파구,https://www.indeed.com/viewjob?jk=efe59e5570321167
"프론트엔드 프레임워크, 자바스크립트에 관심있는 개발자",레츠온클라우드,서울 종로구,https://www.indeed.com/viewjob?jk=6c6b153b5ffc0803
RNA Systems 웹개발자 인턴,RNAGroup,서울 종로구,https://www.indeed.com/viewjob?jk=853347a2d26d4d03
Java/Jsp/Front-end/WEB 개발자,지아이데이타,서울,https://www.indeed.com/viewjob?jk=5d479c9235f13169
[장애인전형] 팅크웨어 아이나비 웹퍼블리셔,팅크웨어,성남 분당구,https://www.indeed.com/viewjob?jk=3e6dcfc971f743f0
솔루션 S/W 기술지원 및 신입 개발자,엔소프테크놀러지,서울 금천구,https://www.indeed.com/viewjob?jk=d7f7f25763d0f4e0
Data Platform 개발,LINE Plus corporation,성남 서현역,https://www.indeed.com/viewjob?jk=a9d8a04e7d144062
소프트웨어 엔지니어 (Java developer),Success Korea,서울 신사동,https://www.indeed.com/viewjob?jk=ed42258f45934f85
모바일 앱 보안 솔루션 개발부문,스틸리언,서울 용산구,https://www.indeed.com/viewjob?jk=6718bba08ef6e20b
(연봉5천) IT전문인력 모집 (모바일/웹/소프트웨어/개..,해피컨설팅,대한민국,https://www.indeed.com/viewjob?jk=63adb5aadc716017
오티아이(주) 소프트웨어 개발 신입 및 경력직,오티아이,서울 구로구,https://www.indeed.com/viewjob?jk=b9998838ceae88bf
응용 소프트웨어 개발자 (주4일제 실시),팔마텍,포항 남구,https://www.indeed.com/viewjob?jk=792ecbf25c7ee78e
s/w개발,지아이데이타,서울,https://www.indeed.com/viewjob?jk=7a6effe7cbab138d
JAVA ASP.NET C Visual Basic 개발자 모집,디엘정보기술,청주 오창읍,https://www.indeed.com/viewjob?jk=f73829145f180ae2
소프트웨어 프로그램 개발,엠로,서울,https://www.indeed.com/viewjob?jk=70e3ba9ebfc2f668
"(주)카이런소프트 JAVA, JSP 웹 프로그래머",카이런소프트,대전 유성구,https://www.indeed.com/viewjob?jk=51c3f9ddb0a0bd63
모바일앱 분석툴 유저해빗 웹개발자,유저해빗,서울 마포구,https://www.indeed.com/viewjob?jk=7f28afa9faba22bd
웹 기반 소프트웨어 개발자,메디헬프라인,서울 중구,https://www.indeed.com/viewjob?jk=a82847265c6094ce
콘텐츠 기획자,제이어스,대전 유성구,https://www.indeed.com/viewjob?jk=7a1d6c7add19d4b7
금융AI서비스 백엔드 개발 인공지능(AI) 연구개발 전문기업,인공지능(AI) 연구개발 전문기업,경기도,https://www.indeed.com/viewjob?jk=80a2866808ac0c99
"전액무료 IT교육받고 취업하자(서울, 수원, 천안)",휴먼교육센터,서울 강남구,https://www.indeed.com/viewjob?jk=56cf1319fbe8132a
웹 개발자 수시,어큐진,인천 계양구,https://www.indeed.com/viewjob?jk=4e9d2fac16efdf12
"Java, Python 영상툴 개발자",에이아이메이커,서울 마곡동,https://www.indeed.com/viewjob?jk=cae2de07045cfb2b
Data Engineer,고도소프트,서울 구로구,https://www.indeed.com/viewjob?jk=68ee194a9d487aac
Blockchain Platform 개발 / 분산 플랫폼 개발,알투브이,서울 영등포구,https://www.indeed.com/viewjob?jk=3fe823bafcdcf478
동영상 서비스 서버 및 웹 개발자,네이버,대한민국,https://www.indeed.com/viewjob?jk=9530bc3a86e46025
Developer (개발자),Coinplug,경기도 성남,https://www.indeed.com/viewjob?jk=b7be58e7af38d186
(하나금융TI) 장애인 특별채용 (IT 서비스 개발/운영),하나금융티아이,인천 검암경서동,https://www.indeed.com/viewjob?jk=96b95e258c441aae
020년 상반기 분야별 경력사원,아비도스,인천 연수구,https://www.indeed.com/viewjob?jk=5243a24a37e8a7ba
개발자,Nexon,성남 분당구,https://www.indeed.com/viewjob?jk=128d186818719b49
인포카 연구소 시스템 소프트웨어 개발 정직원 (신입가능),인포카,서울 성북구,https://www.indeed.com/viewjob?jk=3866768a71e1f2fd
RPA (로봇 프로세스 자동화) 개발 인공지능(AI) 연구개발 전문기업,인공지능(AI) 연구개발 전문기업,경기도,https://www.indeed.com/viewjob?jk=c287ebf78c7e54e7
데이터 분석/엔지니어 모집,카카오커머스,성남 삼평동,https://www.indeed.com/viewjob?jk=8d8caa9ce2b86d80
암호화폐 거래소/월렛 서버 개발,LINE Plus corporation,성남 판교역,https://www.indeed.com/viewjob?jk=9d1d672b9ec1a33c
커머스 플랫폼 개발 (서버 엔지니어),LINE Plus corporation,성남 서현역,https://www.indeed.com/viewjob?jk=c7450cf3d689d161
[경력] JAVA 개발자 (과장급) - ITS,삼정 KPMG,서울 강남구,https://www.indeed.com/viewjob?jk=da75422f5bc06c20
글로벌 소비재기업 APAC담당 Sr. Enterprise Architect 포지션 ASAP,글로벌 소비재기업,서울,https://www.indeed.com/viewjob?jk=8405cf7fad057a1a
2019년 기상청 국가태풍센터 공무직 근로자 (연장),기상청,대한민국,https://www.indeed.com/viewjob?jk=b3569fc712b87cd9
데이터 엔지니어 / Data Engineer,Bagelcode,서울,https://www.indeed.com/viewjob?jk=bd1ad6ca3aba3000
백엔드 파운트 시스템 엔지니어 (현재 급여수준 이상 보장),파운트,서울 충정로역,https://www.indeed.com/viewjob?jk=d6c05c588971df5a
DX혁신부문 Tech Lab Junior Web & Server Developer 정규직,이투스교육,서울 강남구,https://www.indeed.com/viewjob?jk=b6d8ae980ccf34c8
[비즈플랫폼개발] 글로벌 광고 서비스 웹/백엔드 개발자,네이버,대한민국,https://www.indeed.com/viewjob?jk=213a490750f01dad
B2B 물류플랫폼 구축PM 팀장급(정규직),위메프,대한민국,https://www.indeed.com/viewjob?jk=eed75c1e31a895bd
[손보사] 모바일(App/Web) 개발 (대리~과장급),커리어라임즈,서울,https://www.indeed.com/viewjob?jk=0669248c0bee92f0
[개발]상품 데이터 백엔드 개발자(정규직),위메프,대한민국,https://www.indeed.com/viewjob?jk=1a004c722da6cad0
"Technical Specialist, Professional Services (Korean, English)",Google,서울,https://www.indeed.com/viewjob?jk=fa839fed02943ef7
Delphi/웹 개발자(신입/경력),씨아이에스텍,서울 금천구,https://www.indeed.com/viewjob?jk=3a7eedc8fb440762
"(주)엠브이소프텍 Java, JSP/NET/전자정부 프레임워크 경력 개발자",엠브이소프텍,대전 서구,https://www.indeed.com/viewjob?jk=ee323188971067e9
2020년 정규 소프트웨어 개발자 모집,동서정보기술,김해 흥동,https://www.indeed.com/viewjob?jk=f32bf6796cbe85ed
데이터수집개발파트,Nexon,성남 분당구,https://www.indeed.com/viewjob?jk=475cc377417d9a5b
지스트 블록체인인터넷경제연구센터 계약직(연구원),광주과학기술원,광주 북구,https://www.indeed.com/viewjob?jk=ab157cc80acdbe96
서비스 응용/웹(Java) 기술지원 2명(대리~차장),Success Korea,서울 방배동,https://www.indeed.com/viewjob?jk=4b02bd08de3d7651
서비스 응용/웹(Java) 기술지원 2명(대리~과장),Success Korea,서울 방배동,https://www.indeed.com/viewjob?jk=46f145ee53c72bac
청주기상지청 연구원(기간제 근로자),기상청,대한민국,https://www.indeed.com/viewjob?jk=5591763421c89264
연구원(기간제 근로자),기상청,대한민국,https://www.indeed.com/viewjob?jk=2d177ee2b3d8c607
강원지방기상청 기간제 근로자(연구원),기상청,대한민국,https://www.indeed.com/viewjob?jk=33d8a49917875b11
서비스개발 담당자 모집,한국선불카드,대한민국,https://www.indeed.com/viewjob?jk=b0182c77122b59ef
업무지원 시스템 개발자,카카오,성남 판교역,https://www.indeed.com/viewjob?jk=2605fae66c9021b1
한글 Q&A 시스템 연구 개발 신입/경력사원,포티투마루,서울 관악구,https://www.indeed.com/viewjob?jk=6f88041c28b6c1ae
경력 S/W 프로그래머 개발자,동방정보통신,전라북도 정읍,https://www.indeed.com/viewjob?jk=e305d2e094babd47
Java 개발자,한국미디어정보기술,대전 유성구,https://www.indeed.com/viewjob?jk=c97a9386f9dfbb71
웹서버 관리 및 JAVA 개발,Success Korea,성남 야탑역,https://www.indeed.com/viewjob?jk=40ddb3bad95eeb9d
백엔드 개발 정규직 경력사원(5년 이하),포티투마루,서울 관악구,https://www.indeed.com/viewjob?jk=e156570e477aea13
"[펜타시큐리티] 보안S/W 개발자 (DB, 웹, 인증, 블록체인, 클라우드)",펜타시큐리티시스템,서울 영등포구,https://www.indeed.com/viewjob?jk=3fb4aae48999d0c9
Server 개발자(Java),Success Korea,성남 분당구,https://www.indeed.com/viewjob?jk=21c2d0c9b89cb016
네이버 블로그 차세대 시스템 개발을 위한 백엔드 개발자,네이버,대한민국,https://www.indeed.com/viewjob?jk=546cc450760338a0
[개발]검색개발(서버/API) 담당자(정규직),위메프,대한민국,https://www.indeed.com/viewjob?jk=19c64243dc570601
Business System Analyst,Amway Inc.,서울,https://www.indeed.com/viewjob?jk=694647881aeef509
JAVA 개발,Success Korea,대한민국,https://www.indeed.com/viewjob?jk=eda73a27c7834c64
JAVA개발(대리),Success Korea,대한민국,https://www.indeed.com/viewjob?jk=9c2aa761a79dfbf8
"[웹 개발, java]",에이치알 코리아,대한민국,https://www.indeed.com/viewjob?jk=d661c5cd3f728a1d
ASAP 웹서비스 개발자(JAVA),Success Korea,성남 분당구,https://www.indeed.com/viewjob?jk=d7e6e133634b2d1f
이상탐지팀- 웹프로그래머,Nexon,성남 분당구,https://www.indeed.com/viewjob?jk=4a426e3ffacd161c
Social Media Platform Server 개발,LINE Plus corporation,성남 서현역,https://www.indeed.com/viewjob?jk=477cad6e8628d5f8
개발팀장 (JAVA or .Net개발),Success Korea,경기도,https://www.indeed.com/viewjob?jk=2d3662b3238388f9
[웹(Java)개발자] 열린 마인드의 경험있는 2년 이상 개발자,엔유비즈,광주 서구,https://www.indeed.com/viewjob?jk=47573f7e5a0e9ff0
Process & Data Scientist,Applied Materials Inc.,대한민국,https://www.indeed.com/viewjob?jk=b87ff4aabad6e65e
Java 개발 엔지니어(대리~과장급),Success Korea,성남 판교역,https://www.indeed.com/viewjob?jk=afa66214d2b135d4
소프트웨어 개발자,묵호,성남 중원구,https://www.indeed.com/viewjob?jk=f339b9c21de2b277
혁신성장 클라우드 아카데미 3기 교육생,한국클라우드컴퓨팅연구조합,서울,https://www.indeed.com/viewjob?jk=f65e6c6054606b51
게임이상탐지팀 서비스 개발자,Nexon,성남 분당구,https://www.indeed.com/viewjob?jk=e787fde04b998e1a
Public Sector Associate Solution Architect – 2020 Korea,Amazon Web Services Korea LLC,서울,https://www.indeed.com/viewjob?jk=3c63bba3ee9b3090
JSP 웹 개발자,발랄한아이티(주),서울 금천구,https://www.indeed.com/viewjob?jk=4f1309cb30742f45
솔루션 구축 및 기술지원,㈜무하유는,대한민국,https://www.indeed.com/viewjob?jk=04db712bd46fc9b0
Professional Services Consultant,Adobe,서울,https://www.indeed.com/viewjob?jk=993371efaf96f543
[카카오 클라우드] 클라우드 개발자(Monitoring as a Service),카카오,성남 판교역,https://www.indeed.com/viewjob?jk=6b65a5a35da64ed3
Business Analyst,Luxoft,서울,https://www.indeed.com/viewjob?jk=37427a52694015bd
Technical Customer Service Associate,Amazon Web Services Korea LLC,서울,https://www.indeed.com/viewjob?jk=49312ef141d7e339
KB데이타시스템 2022 디지털R&D(모바일개발) 부문 경력직 상시채용,KB데이타시스템,서울 도화동,https://www.indeed.com/viewjob?jk=6096bcbbca13ee66
[피파온라인4] 모바일클라이언트 엔지니어,Electronic Arts,서울,https://www.indeed.com/viewjob?jk=91a809e078e7b215
서울시설공단 전문직무 경력,서울특별시,대한민국,https://www.indeed.com/viewjob?jk=7ea37f5767d165a1
Global Fintech 서버 개발,LINE Plus corporation,성남 판교역,https://www.indeed.com/viewjob?jk=1d49644645fd050b
웹프로그래머 등,웹플래너,서울 용산구,https://www.indeed.com/viewjob?jk=1f31d89542cd4dcf
시스템개발자(개발아키텍트 수준의 기술 엔지니어) 경력 5년 이상자,뉴엣지,서울,https://www.indeed.com/viewjob?jk=51d9924961038e6c
"웹프로그램(JAVA, JSP) 개발자 채용",엔유비즈,광주 서구,https://www.indeed.com/viewjob?jk=3b97b2bc736cf50d
Mobile App developer,Paybot,서울,https://www.indeed.com/viewjob?jk=d9b45d2c56824a67
Support Engineer _ Devices & IoT,Microsoft,서울,https://www.indeed.com/viewjob?jk=7af1798e214d4067
2020 Market Data Analyst - Seoul (Korean Speaker),Bloomberg,서울,https://www.indeed.com/viewjob?jk=212ca67d161b7162
빅데이터 플랫폼 개발자,카카오,성남 판교역,https://www.indeed.com/viewjob?jk=d0ed8660cd98f4c0
프론트엔드 개발자,우리사이,서울 성수동2가,https://www.indeed.com/viewjob?jk=7f9954e4382f47b0
강원지방기상청 기간제 근로자(연구원) 추가,기상청,대한민국,https://www.indeed.com/viewjob?jk=d61f9ee9d322be7d
서비스 응용/웹(Java) 기술지원(대리~차장),Success Korea,전라남도 나주,https://www.indeed.com/viewjob?jk=143e67796c8a9e83
서비스 응용/웹(Java) 기술지원 3명(대리~차장),Success Korea,전라남도 나주,https://www.indeed.com/viewjob?jk=7a5444c96c006f80
Java 개발자,Feelway,서울,https://www.indeed.com/viewjob?jk=1477fd9492503579
네이버 SmartEditor 백엔드 개발자,네이버,대한민국,https://www.indeed.com/viewjob?jk=68956c6ec21a841c
(주)제우스 웹개발자 (경력직),농업회사법인제우스,제주 제주시,https://www.indeed.com/viewjob?jk=0b5efa14c06d85de
[데이터플랫폼팀] 데이터 엔지니어,심플렉스,서울 동작구,https://www.indeed.com/viewjob?jk=e17ba478171e983a
Java 개발(사원~대리),Success Korea,서울 방배동,https://www.indeed.com/viewjob?jk=8394950ed2c168b5
[다음카페] 서버 개발자 (경력),카카오,성남 판교역,https://www.indeed.com/viewjob?jk=b64e827134b2a4c2
2020년도 지역정착형 청년일자리 사업 -컴퓨터 ...,에스파킹,경기도 부천,https://www.indeed.com/viewjob?jk=59db8203f12687df
Back,Binance,서울,https://www.indeed.com/viewjob?jk=0871638ad6732fe0
"기업부설연구소 연구원 (인공지능(AI), 딥러닝), 소프트웨어 개발자 신입/경력 정규직",테크에이스 솔루션,서울 금천구,https://www.indeed.com/viewjob?jk=d2ca1a4025dbb1a7
IT개발(Java),Success Korea,대한민국,https://www.indeed.com/viewjob?jk=fd34e5f7dedbc0ae
웹 프로그램 신입 개발자,아이티공간,울산 남구,https://www.indeed.com/viewjob?jk=60054b1a01f5020d
조이랩 - 웹 개발 직군,조이랩,경상북도 경산,https://www.indeed.com/viewjob?jk=5b6280875ddfa2f6
[Search & Clova] Commerce AI 기술 개발 신입/경력사원,네이버,대한민국,https://www.indeed.com/viewjob?jk=faf0422473d4188a
[기업부설연구소] SW개발 정규직,다스코포레이션,경상북도 구미,https://www.indeed.com/viewjob?jk=1f66d3eacd6d97bd
벤처 서비스 응용 SW(Java) 개발 엔지니어(대리/과장급),Success Korea,대한민국,https://www.indeed.com/viewjob?jk=300e583a28a918c6
응용 SW(Java) 개발 엔지니어(대리급),Success Korea,대한민국,https://www.indeed.com/viewjob?jk=15a63a26832cac0f
2020년 수시채용 S/W개발,SFA,화성 안녕동,https://www.indeed.com/viewjob?jk=b49c8bdfe85201ce
[Search & Clova] 글로벌 콘텐츠 검색/ AI 기술 개발 신입/경력사원,네이버,대한민국,https://www.indeed.com/viewjob?jk=90104004fabe2502
"Application Support Engineer, MATLAB & Simulink",MathWorks,서울,https://www.indeed.com/viewjob?jk=1f3c15f8d45cb721
기술지원엔지니어 & 연구개발직,엑스큐어넷,서울 신사동,https://www.indeed.com/viewjob?jk=0a3b0b6dfcd4ea4c
데이터플랫폼실 - Software Engineer,Nexon,성남 분당구,https://www.indeed.com/viewjob?jk=6ecc8058c1538843
(Search&Clova) Clova AI Avatar 개발자 체험형 인턴 모집,NAVER,성남 정자동,https://www.indeed.com/viewjob?jk=6c6c29256abef97d
C# 프로그램 개발자 ( 신입 및 경력),위저드정보시스템,대구 서구,https://www.indeed.com/viewjob?jk=d94d28b0889d8da2
(주)에이치씨엔씨 개발인력,에이치씨엔씨,울산 남구,https://www.indeed.com/viewjob?jk=736e06d1e9c85e59
웹개발 (Java),Success Korea,서울 종로구,https://www.indeed.com/viewjob?jk=59ec397ad6935bd4
웹 응용 프로그램 개발(JAVA),Success Korea,서울 성수동,https://www.indeed.com/viewjob?jk=818e76211e377543
"웹 개발 엔지니어(Java,jsp,오라클)",Success Korea,서울 광진구,https://www.indeed.com/viewjob?jk=ac56f195abb90d8e
JAVA개발(결제),Success Korea,서울 삼성동,https://www.indeed.com/viewjob?jk=86edf87a39b3752c
JAVA개발(상품페이지),Success Korea,서울 삼성동,https://www.indeed.com/viewjob?jk=825b1b5923f02da1
전산개발 직원,이크레모스,경기도 화성,https://www.indeed.com/viewjob?jk=7ca81dc0d43fa09d
웹 디자이너,웹플래너,서울 용산구,https://www.indeed.com/viewjob?jk=cec513b1bf2b405e
S/W 개발자,지아이데이타,서울,https://www.indeed.com/viewjob?jk=45c7213e387a7cc2
ICT기획팀 (사원-대리급) (Information Communication Technology 기획),신한비엔피파리바자산운용,대한민국,https://www.indeed.com/viewjob?jk=1e942e6c30774c46
JAVA개발(PM),Success Korea,서울 강남구,https://www.indeed.com/viewjob?jk=e78ca8575f377420
즐겁고 신나게 멋진 서비스 만들어갈 개발자,큐레잇,성남 분당구,https://www.indeed.com/viewjob?jk=e5184d6454a072d6
가족처럼 같이 일하실분 찾습니다,None,익산 익산시,https://www.indeed.com/viewjob?jk=6f9389b164e4b068
랩오투원 신입/경력 개발자,유한책임회사랩오투원,부산,https://www.indeed.com/viewjob?jk=750977c97eeed4d5
(교원그룹) IT웹지원팀 경력직 수시채용 (웹개발),교원그룹,서울 을지로1가,https://www.indeed.com/viewjob?jk=b86dfe6fae517195
Algorithm Application Engineer,Garrett Advancing Motion,경기도,https://www.indeed.com/viewjob?jk=8c47e8f334705d2e
Live Service Server 개발,LINE Plus corporation,성남 서현역,https://www.indeed.com/viewjob?jk=18b55b45d0e9667f
지스트 블록체인경제센터(강남소재) 계약직(연구원),광주과학기술원,광주 북구,https://www.indeed.com/viewjob?jk=674370fd38bce0dd
[비즈플랫폼개발] 글로벌 광고 SDK 개발자,네이버,대한민국,https://www.indeed.com/viewjob?jk=dbe1f7b47692e5dc
[해외취업] 시니어 웹 엔지니어,株式会社アーカイブ,대한민국,https://www.indeed.com/viewjob?jk=58ead51da6452f90
지스트 블록체인경제센터(강남소재) 계약직연구원,광주과학기술원,광주 북구,https://www.indeed.com/viewjob?jk=794e209e405f4fc0
JAVA개발(물류),Success Korea,서울 삼성동,https://www.indeed.com/viewjob?jk=4a7c2f8b88dfe409
위메프 서버개발자(정규직),위메프,대한민국,https://www.indeed.com/viewjob?jk=5b30f6a2b70215f5
"Director, Software Engineering (Coupang Eats)",Coupang,서울,https://www.indeed.com/viewjob?jk=a6a4b500fa0340d4
2019년 정규직 경력 상시,신동아건설,대한민국,https://www.indeed.com/viewjob?jk=706bb9ab11436fcd
2019년 시지온 공채,CIZION,서울 마포구,https://www.indeed.com/viewjob?jk=97256f40f8e27da3
스마트팩토리 개발 및 시운전,오픈컨트롤,경기도 시흥,https://www.indeed.com/viewjob?jk=b43da1d4e1e74cf5
[경력] SW개발자 - 정규직,애드인텔리전스,서울 광진구,https://www.indeed.com/viewjob?jk=9b686bf45b28b6ea
[엄선] 백엔드 서버 개발자,트라이어스앤컴퍼니,서울 강남구,https://www.indeed.com/viewjob?jk=aa961ab5a45574b8
C# 개발 신입/경력직,지오엔소프트,강원도 춘천,https://www.indeed.com/viewjob?jk=0f25c5704d2e7e30
모바일 광고 플랫폼 개발자,NHN PAYCO,성남 판교역,https://www.indeed.com/viewjob?jk=d837738935003454
Junior and/or Senior Engineers for MySQLDatabase Services,Success Korea,서울,https://www.indeed.com/viewjob?jk=882ce3f45214f1b1
웹/응용프로그래머[JAVA],Success Korea,서울 성수동,https://www.indeed.com/viewjob?jk=311976c5906e5c25
응용프로그래머[JAVA],Success Korea,서울 성수동,https://www.indeed.com/viewjob?jk=de242c6c5e9207a9
"[해외취업] IT 프로그래머,web개발 엔지니어,Java프로그래머,인프라, SES 정사원 東京、島根県出雲市근무",SEAGILE,대한민국,https://www.indeed.com/viewjob?jk=45a8d1ec64004328
프론트엔드 경력 정규직,그로스,성남 분당구,https://www.indeed.com/viewjob?jk=7096b4877cb564ba
빅데이터 분석/AI 솔루션 개발자,이씨마이너,서울 강남구,https://www.indeed.com/viewjob?jk=ec4076d2083779a6
TOAST Cloud 운영 및 기술지원,NHN,성남 판교역,https://www.indeed.com/viewjob?jk=ad07d6a330fb619a
JAVA개발(3명),Success Korea,대한민국,https://www.indeed.com/viewjob?jk=fac38573ff3a8037
"[해외취업] 베트남, 신한DS 베트남, 개발 및 현지 인력 관리 지원",신한DS 베트남,대한민국,https://www.indeed.com/viewjob?jk=1f2723acccb2665c
웹개발 경력사원,애드캡슐소프트,서울특별시,https://www.indeed.com/viewjob?jk=537981150d8e10e5
JAVA 신입 및 경력 개발자,인포텍코퍼레이션,서울 서초구,https://www.indeed.com/viewjob?jk=b890e874e9a15459
JAVA Developer,Success Korea,서울 강남구,https://www.indeed.com/viewjob?jk=45648b710ed6c188
외국계 IT 기업 기업용 - S/W 기술지원 (Technical Support Specialist),GXS Inc.,서울 수송동,https://www.indeed.com/viewjob?jk=27ecac68a1bafeef
"(경력사원) Java/php개발, 기술영업 정규직",코아비즈,대전 유성구,https://www.indeed.com/viewjob?jk=dcb4719dd8f775a8
"(주)트윔 개발자(경력직) 빅데이터,영상처리,머신비전/AI 딥러닝",트윔,경기도 화성,https://www.indeed.com/viewjob?jk=af1c75601986e224
[창업기업 청년일자리 지원사업]심플로지스 위한 서비스 어플리케이션 운영해주실 개발자 찾고 있습니다.,심플로지스,인천 연수구,https://www.indeed.com/viewjob?jk=cfb52b7f6de0d973
PDC SW Engineer (R&D Extension),Applied Materials Inc.,경기도 화성,https://www.indeed.com/viewjob?jk=bd47be8c217b1a6e
카드심사시스템 전산개발-Credit Card Application Developer,CITI,서울,https://www.indeed.com/viewjob?jk=871cd02d4988b22a
카카오톡 서버 개발자,카카오,성남 판교역,https://www.indeed.com/viewjob?jk=21f720e55bab4c8d
Media Processing Server Platform 개발,LINE Plus corporation,성남 서현역,https://www.indeed.com/viewjob?jk=127363de8c3ad1a4
Global Music 서버/웹 개발,LINE Plus corporation,성남 정자역,https://www.indeed.com/viewjob?jk=391d4393e44ea027
[멜론] 커머스 개발자 (경력),카카오,성남 판교역,https://www.indeed.com/viewjob?jk=68bff5fe5cec0c61
SM (소프트웨어 유지보수) / JAVA / ASP.NET / 경력3~10년,브레인뱅크,서울 강남구,https://www.indeed.com/viewjob?jk=a7f8e43b30c4c682
Developer Advocate,IBM,서울,https://www.indeed.com/viewjob?jk=9de4a0959cf183e0
신규 모바일 SLG 서버프로그래머,Nexon,성남 분당구,https://www.indeed.com/viewjob?jk=c7aa4a77752ce41a
(주)자바모바일 _ KT대리점 소사장 및 직원,자바모바일,인천 서구,https://www.indeed.com/viewjob?jk=802190804428af81
음악인식(음악검색/저작권) 서버 개발자,네이버,대한민국,https://www.indeed.com/viewjob?jk=2a4a3b2073e02c15
[개발]위메프패션 백엔드 개발자(정규직),위메프,대한민국,https://www.indeed.com/viewjob?jk=b0e9252f0c2cf6ec
Associate Cloud Support Specialist,OpenText,서울,https://www.indeed.com/viewjob?jk=1145b9d56c2baadf
LINE Global Business 공식계정 Platform Server 개발,LINE Plus corporation,성남 서현역,https://www.indeed.com/viewjob?jk=b5eb9cb9d1f5e7d6
인프라 플랫폼 개발자,고도소프트,서울 구로구,https://www.indeed.com/viewjob?jk=2b1c5b35b97700fc
인프라 플랫폼 개발자,NHN godo,서울 구로구,https://www.indeed.com/viewjob?jk=c8a7c9c4022a3544
카카오맵 안드로이드(Android) 개발자,카카오,성남 판교역,https://www.indeed.com/viewjob?jk=65f4923f266ac117
부산지방기상청 연구원(기간제 근로자),기상청,대한민국,https://www.indeed.com/viewjob?jk=54b04f9233fffbad
(주)유신 정보시스템실 경력 직원,유신,서울 강남구,https://www.indeed.com/viewjob?jk=5f84c7c7eaf545ab
웹 개발 (신입/경력),이스트게임즈,서울 서초동,https://www.indeed.com/viewjob?jk=b14bd9899a6ef152
웹 개발자,Nexon,성남 분당구,https://www.indeed.com/viewjob?jk=75a4d05b001bf451
JAVA 개발자,Success Korea,서울 강북구,https://www.indeed.com/viewjob?jk=c196a0a82c8beff1
JAVA 웹개발자 고급,게임회사,서울 강남구,https://www.indeed.com/viewjob?jk=5b80057bd60756f9
JAVA 웹개발자 고급,해외송금 전문업체,서울 강남구,https://www.indeed.com/viewjob?jk=8c2290a39b46b358
[현대L&S] 경력사원 공채 (ICT 기획/개발),현대중공업지,성남 분당구,https://www.indeed.com/viewjob?jk=ce3e0117aee2ccb0
글로벌 서비스 FE/서버 개발,LINE Plus corporation,서울 한남동,https://www.indeed.com/viewjob?jk=976c7ca76ae6addf
LINE Wallet Business Platform 개발,LINE Plus corporation,성남 판교역,https://www.indeed.com/viewjob?jk=55395e9814635e38
블록체인인터넷경제 연구센터 위촉연구원,광주과학기술원,광주 북구,https://www.indeed.com/viewjob?jk=77d8e0149dad533b
블록체인인터넷경제연구센터 위촉연구원,광주과학기술원,광주 북구,https://www.indeed.com/viewjob?jk=3e80435be74cd28f
Security Engineer,이베이 코리아,대한민국,https://www.indeed.com/viewjob?jk=c374243f98ecd825
웹 개발자(경력),이롭게,서울특별시,https://www.indeed.com/viewjob?jk=0251e2321b09ce93
솔루션 개발자,고도소프트,서울 구로구,https://www.indeed.com/viewjob?jk=53730e51c4a60930
팟티서비스 웹개발(서버&프론트),아프리카TV,성남 분당구,https://www.indeed.com/viewjob?jk=b2a06c4fe590ca1e
서버 프로그래머,펀플로,서울 구로구,https://www.indeed.com/viewjob?jk=0ebde768f98f227f
프로그래머(AR/VR/MR),투엠비게임,울산 남구,https://www.indeed.com/viewjob?jk=938ffc6e1b9f9f0a
본사 상하수도시설처 기간제근로자,한국환경공단,대한민국,https://www.indeed.com/viewjob?jk=b77e00bdf5f42f95
데이터인프라개발팀 - 데이터 플랫폼 엔지니어,Nexon,성남 분당구,https://www.indeed.com/viewjob?jk=d57b19564ea05138
API 테스트 플랫폼 개발자,카카오,제주도,https://www.indeed.com/viewjob?jk=5e7504a283c851a0
소형전지사업부 경력,삼성SDI,충청남도 천안,https://www.indeed.com/viewjob?jk=089931931a0474d5
Datacenter Engineer,Oracle,서울,https://www.indeed.com/viewjob?jk=0184fd84022533a6
당진캠퍼스 세한BCT정보원 직원,세한대학교,충청남도 당진,https://www.indeed.com/viewjob?jk=22ae26515be13aa7
[개발]위메프오 서비스 서버개발자(정규직),위메프,대한민국,https://www.indeed.com/viewjob?jk=5f3a399e83a81379
모바일 소프트웨어 및 솔루션 개발자,엔비젼크리에이티브,고양 일산동구,https://www.indeed.com/viewjob?jk=fa127317df8ec3d5
"코딩, 프로그래밍 가능자 인력",엠케이,부산 남구,https://www.indeed.com/viewjob?jk=ea8a489d269f8e4e
[Search & Clova] 네이버 웹검색 연구/개발 경력사원,네이버,대한민국,https://www.indeed.com/viewjob?jk=37127548f83bb7f7
네이버 CONOMI (일본맛집) App 개발자,네이버,대한민국,https://www.indeed.com/viewjob?jk=f74538fee2a1260c
Java 개발 엔지니어(대리급),Success Korea,서울 한남동,https://www.indeed.com/viewjob?jk=49cbe51f51acc6cf
지스트 블록체인경제센터 계약직연구원,광주과학기술원,광주 북구,https://www.indeed.com/viewjob?jk=a7c68eba65a950aa
"iOS 신입/경력 정규직, 계약직",인코위즈,서울 강남구,https://www.indeed.com/viewjob?jk=d2ad578dcc5bb3b2
솔루션 개발자,NHN godo,서울 구로구,https://www.indeed.com/viewjob?jk=afe1eb9b17eef5f6
"RF SW Engineer, Senior",Qualcomm,서울,https://www.indeed.com/viewjob?jk=2a4041f0b6aeb27b
Web Project Manager (Senior/Junior) (M/F),Datawords,서울,https://www.indeed.com/viewjob?jk=2239cda11284bf80
AppDynamics Sales Engineer - Seoul,Cisco Systems,서울,https://www.indeed.com/viewjob?jk=10e72a4ddbcb70f5
빌링플랫폼 개발자 (경력),카카오,성남 판교역,https://www.indeed.com/viewjob?jk=0de6bcb01e07b148
분산 스토리지 Reliability Engineer,LINE Plus corporation,성남 서현역,https://www.indeed.com/viewjob?jk=2740e1c454a3df40
네이버 지도 백엔드 서비스 개발 경력사원,네이버,대한민국,https://www.indeed.com/viewjob?jk=d7399bdba425a27d
웹개발자,성진시스템,광주 광산구,https://www.indeed.com/viewjob?jk=10c183344c36ca7b
"더클래스효성(주) 수입자동차 경력사원 (마케팅,전산직,리셉션니스트,영업직)",더클래스효성,대한민국,https://www.indeed.com/viewjob?jk=3dcb21a099d69ce6
네이버 지식iN eXpert 서비스 백엔드 개발자,네이버,대한민국,https://www.indeed.com/viewjob?jk=842b81b319e55e7e
2020년 웹 개발자 모집 공고,이노더스,대전 도룡동,https://www.indeed.com/viewjob?jk=d8598202d3f3d7e9
팀리딩 가능한 응용 프로그램 개발자,사이언스쇼,서울 송파구,https://www.indeed.com/viewjob?jk=c4a82fa931ad86b2
Senior Technical Consultant,MathWorks,서울,https://www.indeed.com/viewjob?jk=22a5590c81649937
[개발]Data Scientist (정규직),위메프,대한민국,https://www.indeed.com/viewjob?jk=ae63a69b12752674
Senior Full-Stack Developer,Asiance,서울,https://www.indeed.com/viewjob?jk=dcbce45dbe2d3679
시스템/플랫폼 개발자,NHN,성남 판교역,https://www.indeed.com/viewjob?jk=f616638b2446068e
함께 할 능력있는 SW 관리자 (경력8년이상),엔유비즈,광주광역시,https://www.indeed.com/viewjob?jk=c44aa252ca469f91
Java 개발 엔지니어 (사원-과장급),Success Korea,서울 역삼동,https://www.indeed.com/viewjob?jk=ac6c4498a678d121
Pre-Sales Engineer,TransPerfect,서울,https://www.indeed.com/viewjob?jk=a05fefdb427988ab
"자바 프로그래머(spring,ibatis) jquery 가능자",열매미디어,서울 도봉구,https://www.indeed.com/viewjob?jk=c721441709ed0982
"분자진단, 정밀의학 솔루션 개발자 및 웹 개발자 수시",어큐진,인천 계양구,https://www.indeed.com/viewjob?jk=c50fe0af6efe2af6
JAVA/JSP개발 경력자,미르인컴,서울 강남구,https://www.indeed.com/viewjob?jk=c4dee794a7e24917
이음시스템즈 신입 개발자,이음시스템즈,서울,https://www.indeed.com/viewjob?jk=380595e28ef41587
"웹프로그래머 개발자(JAVA,JSP)",Success Korea,서울,https://www.indeed.com/viewjob?jk=f3f1a7c811cb8d90
Java기반 웹 개발자 (과장),Success Korea,서울,https://www.indeed.com/viewjob?jk=99582bd2bb5915b0
JAVA 개발자 (대리~과장),Success Korea,서울,https://www.indeed.com/viewjob?jk=ce2124dcdeda34df
JAVA 서버 개발자,Success Korea,서울 강남구,https://www.indeed.com/viewjob?jk=c3c1c33dd7aad52c
웹JAVA개발자,Success Korea,서울 삼성동,https://www.indeed.com/viewjob?jk=a2463ad0192efabd
JAVA개발자,Success Korea,서울 삼성동,https://www.indeed.com/viewjob?jk=6e4108cc64b7ece4
java개발자(서버),Success Korea,서울 방배동,https://www.indeed.com/viewjob?jk=a2f3ef7112fb2fdf
웹 디자인 및 홈페이지 운영 구성원 채용,SK하이스텍,이천 부발읍,https://www.indeed.com/viewjob?jk=81f2f5157396a093
[SCM]물류 시스템 개발자(정규직),위메프,대한민국,https://www.indeed.com/viewjob?jk=222cc7ed475152c1
Software Engineer,Nexon,성남 분당구,https://www.indeed.com/viewjob?jk=49335253c9d14ed4
"센스있는 편집, 제품디자이너, 책임감 있는 디자이너",루시,고양 일산동구,https://www.indeed.com/viewjob?jk=4a28af901ef99d49
소프트웨어 경력 개발자,이지정보기술,제주 제주시,https://www.indeed.com/viewjob?jk=81afc0dbe09f7609
Solutions Architect,Cloudera,대한민국,https://www.indeed.com/viewjob?jk=a459013391a3d600
"빅데이터, 하둡(Hadoop) 외 경력 정규직",에이치에스엠클라우디피아,서울 강서구,https://www.indeed.com/viewjob?jk=e968ce751c65c1f1
(주)소프트기획과 미래 함께할 JSP / PHP 개발 가능한 (경력) 프로그래머,소프트기획,부산 수영구,https://www.indeed.com/viewjob?jk=810dd6a0da729bd9
Tech U Associate Professional Services Consultant - 2020 Korea,Amazon Web Services Korea LLC,서울,https://www.indeed.com/viewjob?jk=881a1aa0f0646335
[베네통코리아] E-commerce 쇼핑몰 웹 개발자,베네통코리아,서울 서초구,https://www.indeed.com/viewjob?jk=eb1fff434b18f9ed
기업부설연구소 정규직 대졸 4년 신입연구원,케이포시큐리티,서울 구로구,https://www.indeed.com/viewjob?jk=d27b35b816191e1c
Business Analyst (WHM),피플케어코리아,경기도 화성,https://www.indeed.com/viewjob?jk=0b35fa1088775b33
신입 및 경력 자바(JAVA) 프로그래밍 전임강사 초빙,유니윌부산지사,부산 부산진구,https://www.indeed.com/viewjob?jk=759ca8f8acecb3f6
[핀테크사] Android 앱개발,커리어라임즈,서울,https://www.indeed.com/viewjob?jk=ce1cd18efe3a3f8c
데이터인프라개발팀 - 데이터 엔지니어,Nexon,성남 분당구,https://www.indeed.com/viewjob?jk=c499b3dde5c2e196
울산 웹/모바일 소프트웨어개발,더작,울산 중구,https://www.indeed.com/viewjob?jk=84ada8e4ebf58410
웹개발자 경력,스마트인터랙티브,서울 강남구,https://www.indeed.com/viewjob?jk=412dbce734e9fc58
스마트폰 어플리케이션(App) 경력 정규직,캡슐미디어,서울 서초구,https://www.indeed.com/viewjob?jk=ccfedd1be735874e
시크릿차트와 함께할 개발자,시크릿차트,서울 강남구,https://www.indeed.com/viewjob?jk=19b93db9fb547677
"실력있는 퍼포먼스 마케터, 개발자분",알파브라더스,서울 강서구,https://www.indeed.com/viewjob?jk=cbc3b72beced3fd7
Technical Trainer - Amazon Web Services,Amazon Web Services Korea LLC,서울,https://www.indeed.com/viewjob?jk=f044d9361c664f80
Java UI 개발자 (Back-End) 정규직 경력자,블록체인씨앤에스,서울 성동구,https://www.indeed.com/viewjob?jk=2abb54c697802991
증권 코어시스템 개발 및 운영인력 영입,카카오페이증권,서울 대치동,https://www.indeed.com/viewjob?jk=1db71792981cc36a
[웹프로그래머] JSP 개발자,㈜나누고,서울 영등포구,https://www.indeed.com/viewjob?jk=5f4b405667f04648
[메가존] 개발 경력자 대규모,메가존,서울 강남구,https://www.indeed.com/viewjob?jk=e8455745434a01a0
DBA담당자,해커스,서울 강남구,https://www.indeed.com/viewjob?jk=1f7f2b48cf91125b
웹개발/정규직/경력직/10년이상/웹프로그래밍/수원/개발 및 유지보수,스마트컨버전스,수원 영통구,https://www.indeed.com/viewjob?jk=2f8e2302f653aad6
"과학적 싱글 매칭 서비스, 네버굿바이 함께 성장해 나갈 웹개발자",소울랩,서울 한남동,https://www.indeed.com/viewjob?jk=f1926370f9e0e504
이음시스템즈 경력 개발자,이음시스템즈,서울,https://www.indeed.com/viewjob?jk=457f95003c6f8ab2
[보충역]웹개발자,애드캡슐소프트,서울특별시,https://www.indeed.com/viewjob?jk=ccb5ec96705faa1a
이브이패스 개발팀 직원,이브이패스,제주 제주시,https://www.indeed.com/viewjob?jk=6e7269ac4ac02dfa
IT본부 신입/경력,유안타증권,대한민국,https://www.indeed.com/viewjob?jk=013711cc91044486
전자정부 프로젝트 pl,AOS Ltd,대한민국,https://www.indeed.com/viewjob?jk=225fab669081ca13
O2O서비스 커머스 백엔드 개발/관리(서울 대기업/대리-차장),에이스파트너스서치펌,서울,https://www.indeed.com/viewjob?jk=ba5dac072277381e
웹/앱 개발자 및 퍼블리셔 경력자,재단법인 행복아이씨티,서울 성동구,https://www.indeed.com/viewjob?jk=d3eecb3c02e1bec7
"금융권 정보계 프로그램(고객정보,영업직원 실적정보등) 운영, 개발(대리급) 초빙 - 유명 금융권",로이스에이치알,서울,https://www.indeed.com/viewjob?jk=4fcc425197713e7c
JAVA 개발자,케이투소프트,서울 강남구,https://www.indeed.com/viewjob?jk=d0a27cc0664294e2
[Platform Engineering] Server Engineer,네이버,대한민국,https://www.indeed.com/viewjob?jk=dcda50f281a517f9
카카오 전체의 사용자 플랫폼 만들 서버개발자,카카오,성남 판교역,https://www.indeed.com/viewjob?jk=6d479593b544fa68
"[인터랙션플랫폼(댓글, 투표, 공감)] 웹 서비스 개발자",카카오,성남 판교역,https://www.indeed.com/viewjob?jk=0ca5a9b1ac697fb3
Support Engineer _ Azure PaaS,Microsoft,서울,https://www.indeed.com/viewjob?jk=01bc879744c28f9c
잼투인 ARCUS 응용 개발자,잼투인,성남 분당구,https://www.indeed.com/viewjob?jk=6c0fc9ed31b98e72
2020년도 지역정착형 청년일자리 사업 -컴퓨터 프로그램어 및 스마트 폰앱 개발자,에스파킹,경기도 부천,https://www.indeed.com/viewjob?jk=cfbc9cdbd0cdbaa4
빅데이터 분석 시스템 개발 경력자,휴빌론,서울 서초구,https://www.indeed.com/viewjob?jk=d7f5f41948ed1707
카카오의 동영상 서비스 함께 만드실 모바일앱 개발자,카카오,성남 판교역,https://www.indeed.com/viewjob?jk=622c4d3998ac35c9
Senior Delivery Engineer,NOKIA,서울,https://www.indeed.com/viewjob?jk=1672fab328aaf5e6
"Software Engineering Manager, Server",SendBird,서울,https://www.indeed.com/viewjob?jk=677bb425dc2caf7e
[檄文] Global Music 서버 개발자,네이버,대한민국,https://www.indeed.com/viewjob?jk=c28d8274220b0434
대형 프렌차이즈 백엔드 경력 정규직,토니서치,서울 강남구,https://www.indeed.com/viewjob?jk=213e5a4a92aa64ff
Mobile App Engineer (React Native/React),Soomgo,서울 강남구,https://www.indeed.com/viewjob?jk=2aa898393deb8097
2020년 부문별 경력사원 채용(기술혁신),AJ오토파킹시스템즈,서울 문정동,https://www.indeed.com/viewjob?jk=30f19a8d99f57729
JAVA개발자(시스템유지보수) 모집,에이치알 코리아,대한민국,https://www.indeed.com/viewjob?jk=9bf8a443d34555f6
아키텍트 개발자(솔루션개발),폴소프트,서울,https://www.indeed.com/viewjob?jk=153dc43f76eb6355
Senior Data Scientist - AWS Professional Services,Amazon Web Services Korea LLC,서울,https://www.indeed.com/viewjob?jk=37da5b148b2d3ef4
"3d게임 엔지니어, 디자이너",토마토브이알하우스,서울,https://www.indeed.com/viewjob?jk=15bfd0ccb9e9dbde
JAVA API 개발자 (2년 이상),더유니파이,서울 금천구,https://www.indeed.com/viewjob?jk=ff20cda53b6ab3df
Html5 Canvas 기반의 웹 프론트엔드 개발자,인텔리코리아,서울 금천구,https://www.indeed.com/viewjob?jk=75c4d4fd505c11fa
"S/W 개발자 (SmartFactory, MES, SCADA, QMS, IoT)",비케이아이티,서울 서초구,https://www.indeed.com/viewjob?jk=4fdcda706d3bc1b7
SW 프로그래머 (신입/경력),천명소프트,서울,https://www.indeed.com/viewjob?jk=25e69880bf9fc9dd
[해외취업] 【神奈川エリア】ITエンジニア(6月以降入社枠) Java研修あり/未経験歓迎/文系OK,株式会社リープ,대한민국,https://www.indeed.com/viewjob?jk=cd7274b8c0157a39
"서버개발자(주니어, 시니어)",넥스트매치,서울 서초구,https://www.indeed.com/viewjob?jk=6a49ea76da8d2265
솔루션 개발자,㈜무하유는,대한민국,https://www.indeed.com/viewjob?jk=3b92f70bbe2c028c
중급 개발자 (스타트업),린앤컴퍼니,서울 마포구,https://www.indeed.com/viewjob?jk=889a01e7819f4f20
Java 개발자 (5년차 이하),Success Korea,서울 선릉역,https://www.indeed.com/viewjob?jk=1a6ea33747f71a5c
DX혁신부문 Tech Lab Senior Web & Server Developer 정규직,이투스교육,서울 강남구,https://www.indeed.com/viewjob?jk=eec475b8f3083300
BI 솔루션 연구 개발자,비아이매트릭스,서울 강남구,https://www.indeed.com/viewjob?jk=fcab52c73b47e828
게임 딥러닝 AI 개발,Success Korea,성남 분당구,https://www.indeed.com/viewjob?jk=a6df161cf8e96140
VR소프트웨어 개발기업 (주)민트팟,민트팟,성남 분당구,https://www.indeed.com/viewjob?jk=fca9829db0fc38d5
백엔드 개발자 경력 (서울),유펜솔루션,서울 강남구,https://www.indeed.com/viewjob?jk=f4da103184185deb
Technical / UX Writer,SendBird,서울,https://www.indeed.com/viewjob?jk=e5c63f4e86ceefda
플랫포머스 웹 서비스 개발자,플랫포머스,서울 강남구,https://www.indeed.com/viewjob?jk=51aecdffc01e25f3
웹 프로그램 개발자,에디넷,부산 동구,https://www.indeed.com/viewjob?jk=f42daf90b97dc07e
광교연구소 프론트엔드/백엔드/DevOps 경력직,코렌스,수원 영통구,https://www.indeed.com/viewjob?jk=d13ee077fb2ed17f
소프트웨어 연구&개발 / 프로젝트관리 신입 및 경력자,새눈,성남 분당구,https://www.indeed.com/viewjob?jk=c40e58a6bb96c10f
Android Software Engineer,하이퍼커넥트,서울,https://www.indeed.com/viewjob?jk=ecc4154e1f4d28a8
딜러포털 시스템 운영 유지보수 그룹 IT인프라 구축,그룹 IT인프라 구축,서울특별시,https://www.indeed.com/viewjob?jk=e66153d34a8ab2a1
신입8년차,매직소프트,서울 성수동,https://www.indeed.com/viewjob?jk=600acd8e652a71de
모바일게임 플랫폼 서버 개발자,Nexon,성남 분당구,https://www.indeed.com/viewjob?jk=cd88d84c85be0dda
Java Web Application (Java Back-End),Success Korea,성남 분당구,https://www.indeed.com/viewjob?jk=921351ca8b60278a
[경력/신입]자바/스프링/웹 애플리케이션 개발자 및 권한/계정,반디에스앤씨,서울 강남구,https://www.indeed.com/viewjob?jk=06481be22596ef03
Visual Programming Tool Development Professionals,Success Korea,대한민국,https://www.indeed.com/viewjob?jk=147154f5bec7d913
"Principal, QA Engineer (Seller Portal)",Coupang,서울,https://www.indeed.com/viewjob?jk=73ecc36bb6231f81
글로벌&모바일 플랫폼 운영을 담당할 를 합니다.,Nexon,성남 분당구,https://www.indeed.com/viewjob?jk=281fb1cb3dff0cf8
파생상품 거래소 백엔드 개발자,알투브이,서울 영등포구,https://www.indeed.com/viewjob?jk=e290724a4ccb433a
"소프트웨어 개발자 (JAVA WEB, 블록체인)",메타스,서울,https://www.indeed.com/viewjob?jk=712e054a3500da0b
[국내중견기업] 웹프로그래머 (주임-대리),더라이징스타에스,서울,https://www.indeed.com/viewjob?jk=82cc99d5c5773ce6
웹 프로그램 개발자,아이티공간,울산 남구,https://www.indeed.com/viewjob?jk=6c492ec7c7aa5710
개발자(백엔드),레이즈지엘에스,서울 서초동,https://www.indeed.com/viewjob?jk=e8e60d7b06fd0aa0
저축은행 ICT개발팀 전자금융 개발 및 유지보수,국내자본 저축은행,서울 구로구,https://www.indeed.com/viewjob?jk=e267826b713f8efb
[모바일 개발] 정직원,엔피에스시스템,안양 동안구,https://www.indeed.com/viewjob?jk=d9c6d8caadb0c4f3
장기근속 가능한 훌륭한 웹개발자 가족,에스씨파트너,서울 금천구,https://www.indeed.com/viewjob?jk=0f401bca6e6bbe9f
JAVA 웹개발자 중급,게임회사,서울 강남구,https://www.indeed.com/viewjob?jk=98947988336a1e86
"Java개발자(정규직,프리랜서)",기업형솔루션,서울,https://www.indeed.com/viewjob?jk=24640a0080f9bc5e
IT 기획 경력직(생산관리),Success Korea,용인 수지구,https://www.indeed.com/viewjob?jk=ffe4169f10693cfc
Global Ad SDK Engineer (Android),LINE Plus corporation,성남 서현역,https://www.indeed.com/viewjob?jk=7d87f22afa77fd21
웹 개발자 채용,꿈꾸는다락방,서울 공덕동,https://www.indeed.com/viewjob?jk=3cc6771ec537db8c
KT (주)자바모바일 소사장님,자바모바일,인천 계양구,https://www.indeed.com/viewjob?jk=89c576b4895e33f6
S/W 프로그래머,아이티앤티,경기도 안성,https://www.indeed.com/viewjob?jk=485562dbfce121ed
Linux/Python/PHP/MySQL/백엔드 정규직 경력,일루미나리안,용인 보정동,https://www.indeed.com/viewjob?jk=04d685fc70b67d4e
TOAST Cloud 사업기획/영업,NHN,성남 판교역,https://www.indeed.com/viewjob?jk=6b86ea39985912b6
[코리아소프트] 웹 개발자,코리아소프트,인천 부평구,https://www.indeed.com/viewjob?jk=ae11b40c0a4844a9
백엔드 개발자 경력 (대전),유펜솔루션,대전 유성구,https://www.indeed.com/viewjob?jk=b964a03867237f11
[동영상플랫폼] 동영상 Cloud 플랫폼 개발,네이버,대한민국,https://www.indeed.com/viewjob?jk=1ae9d99acc3fab79
Marketing Science Director,KANTAR,서울,https://www.indeed.com/viewjob?jk=2d5c603043556b81
모드니 사회적협동조합 경력직 및 계약직 직원,모드니사회적협동조합,서울,https://www.indeed.com/viewjob?jk=2861d53365dacec3
솔루션 서비스 인력,인터웍스솔루션즈,안양 동안구,https://www.indeed.com/viewjob?jk=debef72ca7be013a
"[해외취업] 중국, ZASOFT, 웹 프로그래머",ZASOFT,대한민국,https://www.indeed.com/viewjob?jk=793aafbc179fc4fd
R&D 연구 개발 인력 (경력4년이상),몽태랑,경기도 하남,https://www.indeed.com/viewjob?jk=3e1cc784c9773201
"[해외취업] 중국, RAKUTEN, Point_Middle JAVA Engineer",英博管理咨询(大连)有限公司,대한민국,https://www.indeed.com/viewjob?jk=2e4aa16dd812c4c6
"앱 관련 지식 보유자(경력우대), 계기 현장 설치 및 운전(신입)",다시스,경상북도 경산,https://www.indeed.com/viewjob?jk=1effcd7b17c8b3a6
"HTML·DHTML·mHTML, PHP 외 경력 정규직",이룸평생교육원,서울 동작구,https://www.indeed.com/viewjob?jk=342a2d55a82f2317
Web JAVA 개발자,Success Korea,서울,https://www.indeed.com/viewjob?jk=fa31b854f40b08d9
4월 11번가 Backend 개발 경력공채,십일번가,서울 중구,https://www.indeed.com/viewjob?jk=0ce90e05051a5067
(주)테라젠이텍스 바이오연구소 웹개발자 (정규직),테라젠이텍스 바이오연구소,수원 영통구,https://www.indeed.com/viewjob?jk=9a6c7e28b38178d3
시스템개발팀 웹 개발자 경력 정규직,에코플래그,인천 부평구,https://www.indeed.com/viewjob?jk=9854204001ea5722
"솔루션 개발자, 프로젝트 관리자, 솔루션기획자",이지서티,서울 구로구,https://www.indeed.com/viewjob?jk=dd8bf9e321c6505d
IT개발,Success Korea,서울 가산동,https://www.indeed.com/viewjob?jk=dbc5d676123b9dce
"솔루션 개발, 금융 프로젝트 si",비티웍스,경기도,https://www.indeed.com/viewjob?jk=db5d56d844ae0ac7
Solution Consultant,Kinaxis,서울,https://www.indeed.com/viewjob?jk=22f39c5bd91f089b
"Senior BPI Specialist, Digitalization",Edwards Korea Ltd.,충청남도 천안,https://www.indeed.com/viewjob?jk=107d537940df3dda
인공지능 검색서비스 기획,에이치알 코리아,서울,https://www.indeed.com/viewjob?jk=e1cf26d9df2052c9
[한국건물에너지기술원] 응용 S/W 및 Web 개발자,한국건물에너지기술원,서울 서초구,https://www.indeed.com/viewjob?jk=1449802b654db4da
Senior AEM Consultant,Adobe,서울,https://www.indeed.com/viewjob?jk=a058aa55ce3aa237
[해외취업] 【AI・RPAエンジニア】経験半年の方も歓迎 10ヵ国の技術者が在籍,株式会社リープ,대한민국,https://www.indeed.com/viewjob?jk=29e3b5646b869f60
[Search & Clova] BigData and AI Platform S/W엔지니어 신입/경력사원,네이버,대한민국,https://www.indeed.com/viewjob?jk=7d85150a375cfacf
데이터 엔지니어,에이치알 코리아,대한민국,https://www.indeed.com/viewjob?jk=04f3458db4cc1f14
서버 프로그램 신입 개발자 모집,휴앤텍,대전 관평동,https://www.indeed.com/viewjob?jk=3129852868b6a15c
U2SR R&D center 연력,유투에스알,고양 일산동구,https://www.indeed.com/viewjob?jk=c3ddc94f4d4234bb
WEB 풀스택 개발자,스마트잭,서울 성동구,https://www.indeed.com/viewjob?jk=8509a92e46706b0f
it개발/운영,함께일하는세상,서울,https://www.indeed.com/viewjob?jk=d1deb19b190d2721
모바일게임 퍼블리싱 플랫폼 개발자,Nexon,성남 분당구,https://www.indeed.com/viewjob?jk=cf5b5e66d5e4209a
금융 및 통신 SI/SM 경력자,가치정보기술,서울 역삼동,https://www.indeed.com/viewjob?jk=66531f1b64ea280c
[판교]서버 웹 개발자,NHN Service] [판교,경기도,https://www.indeed.com/viewjob?jk=36ca50d86068727c
인간중심 지능형 시스템 연구실 시간제 연구원,광주과학기술원,광주 북구,https://www.indeed.com/viewjob?jk=67503f27b0365593
[현장코칭 숙련인력 양성사업] 백엔드 개발자,에잇바이트,서울 강남구,https://www.indeed.com/viewjob?jk=976188198fd567cd
Sr. Software Engineer (Product Engineering),Coupang,서울,https://www.indeed.com/viewjob?jk=b7837cd365051f09
Junior and/or Senior S/W Engineers for Cassandra NoSQL Services,Success Korea,서울,https://www.indeed.com/viewjob?jk=c495ae06620d2544
[API플랫폼] 테크니컬 어카운트 매니저(Technical Account Manager) 경력직,카카오,성남 판교역,https://www.indeed.com/viewjob?jk=9db93dd0695793b6
Web / Spring Framework Developer (EMS),Ericsson,서울,https://www.indeed.com/viewjob?jk=8923cbbfe7c16859
기술 지원 및 개발 가능한 Technical Su...,이포넷,서울 삼성동,https://www.indeed.com/viewjob?jk=99d1b2e25887707d
소테리아 웹 개발 경력사원,소테리아,서울 송파구,https://www.indeed.com/viewjob?jk=04c9687f78dfee3f
웹 개발자(신입),이롭게,서울특별시,https://www.indeed.com/viewjob?jk=add71a2887615954
[해외취업] IT엔지니어,글로벌트러스트네트웍스코리아,대한민국,https://www.indeed.com/viewjob?jk=b0933512859ba358
(주)휴렘 응용 소프트웨어 개발자,휴렘,제주 제주시,https://www.indeed.com/viewjob?jk=6d09bc3d03c8a25b
[공채] 2020년 수시-S/W개발 (4월19일 마감),에스에프에이,충청남도 아산,https://www.indeed.com/viewjob?jk=9b2303706099b597
"빅데이터, 직업훈련교사 외 경력 정규직, 계약직, 위촉직",마이스터직업전문학원,인천 연수구,https://www.indeed.com/viewjob?jk=d5ddaf48c4c1b280
Java UI 개발자 (Front-End) 정규직,블록체인씨앤에스,서울 성동구,https://www.indeed.com/viewjob?jk=423916efee295d43
Web 개발자,나이콤,광명 광명시,https://www.indeed.com/viewjob?jk=439af76b39df4811
"Principal, Software Engineer (Common Frameworks)",Coupang,서울,https://www.indeed.com/viewjob?jk=9bcc525b77cba71d
[서초동] 앱개발 경력자,비주얼,서울 서초동,https://www.indeed.com/viewjob?jk=6db21d47a45ad7ae
서버 개발 경력자 채용,네오랩컨버전스,서울 구로동,https://www.indeed.com/viewjob?jk=e86fe9c7aaec3b48
웹 서비스 백엔드(Back-end) 시니어 개발자,스탠드포인트,서울 금천구,https://www.indeed.com/viewjob?jk=2962f736a95cb7e2
(라인게임즈) 웹 백엔드 개발자 모집,라인게임즈,서울 반포동,https://www.indeed.com/viewjob?jk=37991dc31991af14
[스마트택배]스윗트래커 CIC Back-end 개발자 정규직,써머스플랫폼,서울 중구,https://www.indeed.com/viewjob?jk=35cfa91579a21d82
[비스텔] 웹UI개발자/기술지원/QA Engineer/Tech Leader,비스텔,서울 서초구,https://www.indeed.com/viewjob?jk=7767e59ba0c52056
(주)플랫포머스 서버개발자 경력,플랫포머스,서울 강남구,https://www.indeed.com/viewjob?jk=40aa3fa09d174b81
자바스크립트 개발,NHN,성남 판교역,https://www.indeed.com/viewjob?jk=2b397cef42f9ca46
서버전문가 모집 연봉 5천만원에서 1억원 경험자 우대,해피컨설팅,서울 강남구,https://www.indeed.com/viewjob?jk=4c4d64866daaf2ac
웹프로그래머 직원,써브감정평가법인,서울 중구,https://www.indeed.com/viewjob?jk=16402dd450c1348a
[청주][경력] 웹 개발자 (PHP 개발자 우대),플러그미디어웍스,청주 상당구,https://www.indeed.com/viewjob?jk=1f688c5d9e04b8a2
인간중심 지능형 시스템 연구실 위촉연구원,광주과학기술원,광주 북구,https://www.indeed.com/viewjob?jk=2485e93043545d8a
(주)더모모스 SW 개발자 (PHP),더모모스,부산 동래구,https://www.indeed.com/viewjob?jk=f3570c34b2a8cbd6
함께할 웹프로그래머를 찾습니다.,성공닷컴,서울 관훈동,https://www.indeed.com/viewjob?jk=4bc853d24fa66e6b
시스템 운영인력,에프원테크시스템즈,광주 도척면,https://www.indeed.com/viewjob?jk=015dc1ccb6fa0c59
IT 솔루션 기업 기술지원 담당자 2명 (경력/신입),포커스에이치알,서울 강남구,https://www.indeed.com/viewjob?jk=de763f010a5f1252
Cloud Technical Account Manager- Program Manager 4-ProdDev,Oracle,서울,https://www.indeed.com/viewjob?jk=f05461ef8ff5b381
[오디오플랫폼] 오디오클립 서비스 개발자,네이버,대한민국,https://www.indeed.com/viewjob?jk=85534d40db28e7b9
TECH U Associate Solutions Architect - 2020 Korea,Amazon Web Services Korea LLC,서울,https://www.indeed.com/viewjob?jk=d66914db200312e0
Technology Senior Consultant-CX,SAP,서울,https://www.indeed.com/viewjob?jk=d80b7c49e9de5584
Data Analyst (CRM),Coupang,서울,https://www.indeed.com/viewjob?jk=e36af236652e8e9d
[개발]상담시스템 백엔드 개발자(정규직),위메프,대한민국,https://www.indeed.com/viewjob?jk=9b123ff73f89c0e5
[개발]상담시스템 프론트엔드 개발자(정규직),위메프,대한민국,https://www.indeed.com/viewjob?jk=cb66744ec9897c32
온오프라인 거래중개플랫품 웹/서버 개발,아이비베리,서울 마포구,https://www.indeed.com/viewjob?jk=f1e17c5f6ea29dcf
[카카오 클라우드] 플랫폼 포털 개발자,카카오,성남 판교역,https://www.indeed.com/viewjob?jk=383d4c8a7156b52b
"[다음메일/카카오메일] (경력) 서버, iOS 개발자",카카오,성남 판교역,https://www.indeed.com/viewjob?jk=8b48e3177a2f2056
IT팀 ERP 시스템 유지보수 경력직 채용,Success Korea,경기도 성남,https://www.indeed.com/viewjob?jk=c5ec0171fb7d681d
VDI 또는 Cloud 서비스 개발 경력자(과차장급),국내 대기업,서울,https://www.indeed.com/viewjob?jk=b54d95e49d76e95c
Java Web Application (Front-End),Success Korea,성남 분당구,https://www.indeed.com/viewjob?jk=0cf864d4a630d9c8
Application Backend Developer,BOEING,서울,https://www.indeed.com/viewjob?jk=a8ed60198075d112
콜센터 상담어플리케이션 개발 및 유지보수,넥스프론,서울 양평동4가,https://www.indeed.com/viewjob?jk=79232cf49ff7fa88
S/W개발 신입/경력 정규직,이노베이스,충청남도 아산,https://www.indeed.com/viewjob?jk=b4cb2502fae0079d
프론트엔드 신입/경력 정규직,위팝,인천,https://www.indeed.com/viewjob?jk=b861ec35dfb4ffb1
중화권 대상 쇼핑 플랫폼 카요 BackEnd 개발 부문,카요,서울 종로구,https://www.indeed.com/viewjob?jk=5ba060c7315de8f3
"자동화 시스템 개발(JAVA,ORACLE, API, Power Shell, Hyper-V) 담당",노벨알엔디,경기도 화성,https://www.indeed.com/viewjob?jk=56a8d38cfbd94e24
[에이치랩] 웹 개발자(Back-end),에이치랩,서울 마포구,https://www.indeed.com/viewjob?jk=7f0f05a7cbb72be3
[유펜솔루션] 웹 크롤링 엔진 개발자 경력 (서울),유펜솔루션,서울 강남구,https://www.indeed.com/viewjob?jk=f5f3bc6e243a4d9e
Senior Specialist Consultant - AI/ML,Amazon Web Services Korea LLC,서울,https://www.indeed.com/viewjob?jk=b51ca785a45edf17
[함상취업박람회] 개발자,에이치씨엔씨,성남 분당구,https://www.indeed.com/viewjob?jk=5e96db474308ce3c
(주)자바모바일 _ KT대리점 소사장님,자바모바일,인천 서구,https://www.indeed.com/viewjob?jk=a8ed05f8e54e62c2
Solutions Architect - Amazon Connect,Amazon Web Services Korea LLC,서울,https://www.indeed.com/viewjob?jk=5c6723a17ad467f6
테크니컬 커뮤니케이터,마움,서울 송파구,https://www.indeed.com/viewjob?jk=eb3d25a39537af28
vmware가상화/클라우드 엔지니어 신입,케이디아이에스,서울 영등포구,https://www.indeed.com/viewjob?jk=ac96617913394aff
[해외취업] 시스템 엔지니어 경력,발렉스서비스,대한민국,https://www.indeed.com/viewjob?jk=b7f0f5b4560d9844
Global Music 앱 개발 (iOS/Android),LINE Plus corporation,성남 정자역,https://www.indeed.com/viewjob?jk=060178e1d01371e3
Messenger Android/iOS 개발,LINE Plus corporation,성남 서현역,https://www.indeed.com/viewjob?jk=d155723d3b78aace
웹마스터 웹디자인 가능자,슈어핀,용인 처인구,https://www.indeed.com/viewjob?jk=2945cb68255cb1bd
IT팀 PRM(WEB POS) 경력직 채용,Success Korea,경기도 성남,https://www.indeed.com/viewjob?jk=b480623b0258a38f
Solution Architect,Kinaxis,서울,https://www.indeed.com/viewjob?jk=606646e13ad5c569
IT개발(채용인원 2명),Success Korea,서울 가산동,https://www.indeed.com/viewjob?jk=37d50cd702228928
"[경력] SW 개발자(FullStack Developer / PHP, MySQL, ReactJS)",애드인텔리전스,서울 광진구,https://www.indeed.com/viewjob?jk=b9d7168d0b32ad3d
유니티 SDK개발자 모집,라인게임즈,서울 반포동,https://www.indeed.com/viewjob?jk=2a988df3f162db72
[개발]검색개발 팀장급(정규직),위메프,대한민국,https://www.indeed.com/viewjob?jk=537a18c64eead68f
NXLog팀 - IOS 개발자,Nexon,성남 분당구,https://www.indeed.com/viewjob?jk=f999fccb4cf04e75
qe 소프트웨어 엔지니어,에이치알 코리아,대한민국,https://www.indeed.com/viewjob?jk=85687b250386c4be
웹기획자 채용 경력,엔유비즈,광주 서구,https://www.indeed.com/viewjob?jk=54d8f9b39d171814
(주)경성테크놀러지 직원,경성테크놀러지,부산 해운대구,https://www.indeed.com/viewjob?jk=53f48c1cfc5060e5
응용프로그램 개발 및 Android 개발자,네오지앤피,서울 구로구,https://www.indeed.com/viewjob?jk=3438fc9e7592d78c
자바(front-end) 경력직,제이앤퍼스트,성남 분당구,https://www.indeed.com/viewjob?jk=e4ad3b901d1f12b6
[국내중견금융그룹] iOS개발 운영담당자,FN executive search,서울,https://www.indeed.com/viewjob?jk=e7529bad22351b4a
[룰루랩-삼성전자c-lab] 안드로이드 App 개발자 경력,룰루랩,서울 강남구,https://www.indeed.com/viewjob?jk=f508afd78520dd09
카카오 재무시스템 개발자,카카오,성남 판교역,https://www.indeed.com/viewjob?jk=cf9e98a2da702409
[개발팀] Full Stack 개발자,심플렉스,서울 동작구,https://www.indeed.com/viewjob?jk=e9b3c569fb7e0ad2
[W마인드실]백엔드 개발자(정규직),위메프,대한민국,https://www.indeed.com/viewjob?jk=3de38c3158a1e498
[유펜솔루션] 웹 크롤링 엔진 개발자 경력 (대전),유펜솔루션,서울 강남구,https://www.indeed.com/viewjob?jk=c56cf399beea5f36
"[청년내일채움공제] 웹개발자, 모바일개발자 등 신입/경력 정규직",성진하이텍,서울,https://www.indeed.com/viewjob?jk=95da1191c5a2f62b
"Principal, Data Engineer (EDW Data Processing)",Coupang,서울,https://www.indeed.com/viewjob?jk=f79f6cd3e91fcc1a
Application 개발,Success Korea,경기도,https://www.indeed.com/viewjob?jk=29f0c5f3a79f4822
"Software Engineering Manager, Mobile",SendBird,서울,https://www.indeed.com/viewjob?jk=3a3a5a38df83d85f
KERNEL 개발(대리~과장),Success Korea,서울 방배동,https://www.indeed.com/viewjob?jk=383b5b595ea03213
상반기 응용프로그래머 / 품질관리 / 게임 웹기획 / 네트워크 서버보안 관리 / cs 업무자 경력자 채,에스디소프트,서울 구로구,https://www.indeed.com/viewjob?jk=dd4bfce6f59e73af
Analytics Engineer,Success Korea,서울 삼성동,https://www.indeed.com/viewjob?jk=417d3e24bac85b14
Junior and/or Senior S/W Engineers for Hadoop and HIVE,Success Korea,서울,https://www.indeed.com/viewjob?jk=98ce457f0c17a02e
백엔드 경력 정규직,스파이더랩,서울 강남구,https://www.indeed.com/viewjob?jk=c375840c7f5c0798
4G/5G 이동 통신 Core Network 관련 통신 SW 개발 신입 및 경력,무선인터넷 통신장비 제조기업,성남 분당구,https://www.indeed.com/viewjob?jk=02f8ee0138ce88a4
Senior Back-End Developer,Asiance,서울,https://www.indeed.com/viewjob?jk=cdb73ed97e74098a
"Director of Engineering, Accounting Systems - Seoul",Coupang,서울,https://www.indeed.com/viewjob?jk=a842ab7a7560b45f
"[개발]자연어처리(NLP, 텍스트마이닝) 개발자(정규직)",위메프,대한민국,https://www.indeed.com/viewjob?jk=4bca629c9e11e552
"Principal, Data Engineer (Pricing Tech)",Coupang,서울,https://www.indeed.com/viewjob?jk=ed3686b9c2eea9ad
IT팀 PRM(WEB POS) 경력직 채용 [ASAP],Success Korea,경기도 성남,https://www.indeed.com/viewjob?jk=c15c639190e51698
AI(인공지능) 개발자,휴먼디지털,서울,https://www.indeed.com/viewjob?jk=d498993697237b33
Developer Advocate,SendBird,서울,https://www.indeed.com/viewjob?jk=dc821489255954fd
운영 개발자,Feelway,서울,https://www.indeed.com/viewjob?jk=1c21a244a72f1783
"Test Operator (Field Testind/Driver) (일어,영어가능자,해외거…",글로벌모터서비스,서울 강남구,https://www.indeed.com/viewjob?jk=1b1299c220e39220
외국계 대기업 SCADA 웹SW개발 엔지니어,Success Korea,대전,https://www.indeed.com/viewjob?jk=e529448d8b8d2d83
SW개발 : 2명(ASAP),Success Korea,화성 동탄면,https://www.indeed.com/viewjob?jk=5fea28a5dd517c24
"카카오톡 #탭, 다음앱 서비스 앱 개발자 (Android, iOS)",카카오,성남 판교역,https://www.indeed.com/viewjob?jk=acbef636763c78a8
Ericsson-LG Enterprise 경력 개발자 (추가 ),에릭슨엘지,서울 금천구,https://www.indeed.com/viewjob?jk=7aba45ffde3ad6ee
(주)웨이브웨어 2020 년도 신입사원 (개발자),웨이브웨어,대전 유성구,https://www.indeed.com/viewjob?jk=533b48ae7ceee2ca
[인프라] (경력) 동영상 클라우드 플랫폼 개발자,카카오,성남 판교역,https://www.indeed.com/viewjob?jk=f5d3724b09263c47
"Principal, Back-end Engineer (Seller Portal)",Coupang,서울,https://www.indeed.com/viewjob?jk=dbe0f6f7da20d201
저축은행 ICT 개발팀 뱅킹시스템 개발 및 유지보수,국내자본 저축은행,서울 구로구,https://www.indeed.com/viewjob?jk=0e0efc4d44deaefc
[스마트공장 청년체험단] (주)에이텍티앤 영업사원 및 연구원,에이텍티앤,성남 분당구,https://www.indeed.com/viewjob?jk=1eeebbfb278a7bfb
Platform/BSP SW APPS Engineering - Engineer/Sr. Engineer,Qualcomm,서울,https://www.indeed.com/viewjob?jk=9ba11226adbb856d
TOAST Cloud 플랫폼 및 서비스 개발,NHN,성남 판교역,https://www.indeed.com/viewjob?jk=ea2cf2a5e929b0ee
Cloud Application Architect - Professional Services,Amazon Web Services Korea LLC,서울,https://www.indeed.com/viewjob?jk=ff2f8c996186ab4d
"[티스토리] Server, Frontend 경력 개발자",카카오,성남 판교역,https://www.indeed.com/viewjob?jk=808352f754398ed9
금융권 IT 시스템 구축/유지보수,Success Korea,서울 역삼동,https://www.indeed.com/viewjob?jk=4dba9befb4830e3c
"[카카오톡] 카카오톡 클라이언트 경력 개발자 (Android, IOS, Windows)",카카오,성남 판교역,https://www.indeed.com/viewjob?jk=f7356e4313328646
팟티서비스 모바일 앱(Android) 개발,아프리카TV,성남 분당구,https://www.indeed.com/viewjob?jk=149907821f9bdeee
클라이언트개발,Success Korea,성남 서현역,https://www.indeed.com/viewjob?jk=4d02b6def3e146d3
Front end 개발자,브릭,성남 분당구,https://www.indeed.com/viewjob?jk=cac18e6bcbee5a21
골프 O2O서비스 기업 JSP 개발자 (팀장급 ),인파트너스,서울 서초구,https://www.indeed.com/viewjob?jk=510585425df70714
Back-End Web 개발자,한국사이버결제,서울 구로구,https://www.indeed.com/viewjob?jk=440c7485ae06b439
대기업 검색엔진 개발 (대리과장급),차량IT 전문 기업 (대기업),서울,https://www.indeed.com/viewjob?jk=c58a6764306089e9
Senior Software Engineer (WMS Inbound),Coupang,서울,https://www.indeed.com/viewjob?jk=2b57d143bf97ff72
Python Programmer,Mofac,서울 서초구,https://www.indeed.com/viewjob?jk=df21e3bb5d773616
내부 프로젝트 개선 직무,Success Korea,서울,https://www.indeed.com/viewjob?jk=95b972437429b0e4
데이터 전문가,Success Korea,서울 삼성동,https://www.indeed.com/viewjob?jk=74c4f418a78c820f
빅데이터 분석,Success Korea,서울 삼성동,https://www.indeed.com/viewjob?jk=13513ddad0382808
머신러닝,Success Korea,서울 선릉역,https://www.indeed.com/viewjob?jk=5ecb57c806c47aa0
대한민국 대표 P2P 금융 서비스 빌리 웹 개발자 (경력),빌리,서울 논현동,https://www.indeed.com/viewjob?jk=2062e9158ca17abc
DRE - Build Engineer,Success Korea,서울,https://www.indeed.com/viewjob?jk=ee7e4f2e5d69f84c
Front-end Application 개발자,에코소프트,서울,https://www.indeed.com/viewjob?jk=88cbc8b8fc1e0831
(주)에이치씨엔씨 개발자 신입 및 경력인력,에이치씨엔씨,성남 분당구,https://www.indeed.com/viewjob?jk=4ed272a43b4f5ba5
링크샵스 백엔드(Backend) 개발 및 유지보수 담당,링크샵스,서울 중구,https://www.indeed.com/viewjob?jk=673583ea33eb556a
자바개발자(쇼핑몰 개발/운영),아이마켓코리아,서울 강남구,https://www.indeed.com/viewjob?jk=58fa70ec51d13914
[해외취업] 【Webオープン系エンジニア】経験半年の方も歓迎 10ヵ国の技術者が在籍,株式会社リープ,대한민국,https://www.indeed.com/viewjob?jk=b5f829214119405c
"응용소프트웨어 신입, 경력자",쿠노소프트,서울 성북구,https://www.indeed.com/viewjob?jk=5e485645c4fa13e9
[해외취업] JAVA 기반 웹 개발 및 솔루션 개발자,누리누비,대한민국,https://www.indeed.com/viewjob?jk=d26f9e019cb7449c
"웹하드 PHP 웹개발자 신입 (PHP, Mysql)",쉬프트,부산 해운대구,https://www.indeed.com/viewjob?jk=08c47350dea25aa0
windows 프로그래머,Success Korea,서울 가산동,https://www.indeed.com/viewjob?jk=98934eb3280a6875
"웹퍼블리셔,자바스크립트,javascript",상록에스,서울 송파구,https://www.indeed.com/viewjob?jk=5ee4a88a2dbf3d9f
물류 시스템(WMS) 관리 및 개발,Success Korea,서울,https://www.indeed.com/viewjob?jk=f5f17c9748595c2e
"스마트팜 환경제어 어플리케이션 개발, 유지보수 프로그래머",Fauus,고양 삼송역,https://www.indeed.com/viewjob?jk=4d27df0e4df8275e
IT 물류보안(WMS) 담당자,Success Korea,성남 단대오거리역,https://www.indeed.com/viewjob?jk=1be27ac8b39627cc
EMS/NMS SW개발 엔지니어(대리~과장),Success Korea,경기도 안양,https://www.indeed.com/viewjob?jk=a66ae29a50f6eedd
엔진 프로그래머 모집,라인게임즈,서울 반포동,https://www.indeed.com/viewjob?jk=546c262b0e089ac1
"국내 PND 내비게이션 개발(대리1명, 과장1명)",Success Korea,대한민국,https://www.indeed.com/viewjob?jk=e22c84b3c4778b64
자바개발,Success Korea,대한민국,https://www.indeed.com/viewjob?jk=fe26cae834d06055
[정산 플랫폼 서버 개발],에이치알 코리아,대한민국,https://www.indeed.com/viewjob?jk=2be72e4504dfb4f8
JAVA /Android Application(주임대리급)_2명,Success Korea,서울,https://www.indeed.com/viewjob?jk=e8060ca6a89aa787
대기업계열 최대전자상거래기업에서 커머스 서비스개발 운영 경력직 채용합니다.,에이치알 코리아,대한민국,https://www.indeed.com/viewjob?jk=3bcb57718f64b81e
Java개발자.시니어급,온라인결제,서울,https://www.indeed.com/viewjob?jk=b255530651a0d66d
통신서비스 웹플랫폼 개발자 채용 (2명) 국내최대 모바일 플랫폼 대기업 계열사,국내최대 모바일 플랫폼 대기업 계열사,서울특별시,https://www.indeed.com/viewjob?jk=549c59fdf5664ee5
[해외취업] IT 기술직 신입/경력 개발자,지아이엑스,대한민국,https://www.indeed.com/viewjob?jk=b7f14dc8c48db67d
VAN 시스템 개발 경력 직원,휴먼디지털,서울,https://www.indeed.com/viewjob?jk=4856f67939b6e810
"앱(IOS,안드로이드), 웹(자바스프링,JSP,PHP) 개발자 및 디자이너,퍼블리셔,기획자",웹비즈,서울 송파구,https://www.indeed.com/viewjob?jk=2fd86de172cef4e0
보안 개발전문가,Success Korea,서울 삼성동,https://www.indeed.com/viewjob?jk=dcc2877b33c5b511
[센티스포츠] 센티스포츠와 함께 하실 웹디자이너.,센티스포츠,경기도 의정부,https://www.indeed.com/viewjob?jk=a1a295cc8015ab08
Senior Full Stack JAVA Web Developer,Success Korea,서울 종로구,https://www.indeed.com/viewjob?jk=fbdb2cabd8cc9901
모바일 얩 개발 엔지니어(대리~과장),Success Korea,수원 권선구,https://www.indeed.com/viewjob?jk=589e1cdd764566cd
[해외취업] 【未経験歓迎/6月以降入社枠】CAD操作やヘルプデスクをお任せ!技術系テクニカルサポート,株式会社リープ,대한민국,https://www.indeed.com/viewjob?jk=d7c777e53fb1cfdf
M2M 분야 개발 및 기술 지원(1명),Success Korea,서울 강남구,https://www.indeed.com/viewjob?jk=452b4016474efadb
PHP 경력 정규직,뱅코,전주 덕진구,https://www.indeed.com/viewjob?jk=755096c5f92d39b6
"모바일 앱 서버 개발(Java, Python)",휴먼디지털,서울,https://www.indeed.com/viewjob?jk=16dff836029458af
SW개발 엔지니어(대리~과장),Success Korea,수원 영통역,https://www.indeed.com/viewjob?jk=84fa187f78391233
국내 I/T 전문기업,에이치알 코리아,대한민국,https://www.indeed.com/viewjob?jk=08d7bd5b5ae5dd4a
TEST IT,Success Korea,인천 부평구,https://www.indeed.com/viewjob?jk=e51c8736967894d3
Software Engineer - Android Voice & Video SDK,SendBird,서울,https://www.indeed.com/viewjob?jk=342f7b7a7aa65aea
Senior Data Architect,Amazon Web Services Korea LLC,서울,https://www.indeed.com/viewjob?jk=06c262a673804071
[부에노컴퍼니] Android 앱 개발자 정규직,부에노컴퍼니,창원 의창구,https://www.indeed.com/viewjob?jk=670705bf9031ddbd
웹 개발 / 유지관리,만들소프트,광주 남구,https://www.indeed.com/viewjob?jk=cc3e7cf0b53a8afb
Front end 개발자 () / 업계최고대우보장,데브툴즈,안양 동안구,https://www.indeed.com/viewjob?jk=ba4a0af518b73d13
스마트공장 솔루션 구축 경력자 (MES/POP),크리샤,서울 종로구,https://www.indeed.com/viewjob?jk=9c2d407057329cf6
"앱(IOS,안드로이드), 웹(자바스프링,JSP,P...",웹비즈,서울 문정동,https://www.indeed.com/viewjob?jk=471f4efc06a7d618
온라인몰 서비스개발/운영,Success Korea,대한민국,https://www.indeed.com/viewjob?jk=dd1b4ae4864cc982
보안개발자(ASAP),Success Korea,서울 삼성동,https://www.indeed.com/viewjob?jk=a979e53aa387868c
인공지능 검색/데이터 엔지니어,에이치알 코리아,서울,https://www.indeed.com/viewjob?jk=b1abf6f8058060cd
자바기반 웹개발자(주임~선임급),Success Korea,서울 양천구,https://www.indeed.com/viewjob?jk=5469608345aae630
구매관리시스템 관리자,Success Korea,서울 공덕동,https://www.indeed.com/viewjob?jk=48afeedcccbbc32f
STB SW 개발,Success Korea,성남 분당구,https://www.indeed.com/viewjob?jk=580cf222d8296a18
Android 15만명의 필수일기앱 팔레토 와 함께할 개발자,앤드,서울 구로동,https://www.indeed.com/viewjob?jk=3dadccda812ecccd
IT 솔루션 기업 SW 개발자 2명 (경력 / 신입),포커스에이치알,서울 강남구,https://www.indeed.com/viewjob?jk=1fba47127c0552ba
EAI 시스템관리자,Success Korea,서울 공덕동,https://www.indeed.com/viewjob?jk=47625ff9fc2e552b
SI Engineer,Success Korea,서울 구로동,https://www.indeed.com/viewjob?jk=47a284bf37660de0
자바기반 웹 프로그램,Success Korea,서울 구로디지털단지역,https://www.indeed.com/viewjob?jk=b49117db6bfbe0bc
서버 개발(대리/차장급),Success Korea,성남 판교역,https://www.indeed.com/viewjob?jk=0772d317a0daca5a
"[(주)넷아이디] iOS 개발자 신입/경력 정규직, 계약직",넷아이디,서울 강남구,https://www.indeed.com/viewjob?jk=1df170713ece63bc
SDK Library개발자,Success Korea,성남 판교역,https://www.indeed.com/viewjob?jk=c6701c34e780f883
IBS(Intelligent Buildiding System) 서버 개발자 채용,Success Korea,고양 일산동구,https://www.indeed.com/viewjob?jk=353b261e849ae19b
웹 개발 엔지니어(대리~과장),Success Korea,고양 일산동구,https://www.indeed.com/viewjob?jk=7665038eb2f02401
"웹하드 PHP 웹개발자 (PHP, Mysql)",쉬프트,부산 해운대구,https://www.indeed.com/viewjob?jk=ea763bed34b6d326
서비스 웹/응용 SW 개발 PM(차장급),Success Korea,서울 방배동,https://www.indeed.com/viewjob?jk=26a75a0438d16b5a
IPCC PM,Success Korea,서울 구로구,https://www.indeed.com/viewjob?jk=47d2ca340fdcb4e4
Web Tagging Engineer,Success Korea,서울,https://www.indeed.com/viewjob?jk=33e82e5fe6db505b
응용소프트웨어&웹 개발자(응용프로그래머),솔루텍시스템,서울 영등포구,https://www.indeed.com/viewjob?jk=36397598d6dfb4b1
Software Developer - Front-End / Back-End,AITRICS,서울,https://www.indeed.com/viewjob?jk=5123207a169f90eb
웹디자이너/웹마스터 채용,Success Korea,서울 역삼동,https://www.indeed.com/viewjob?jk=a19c50c30f4a6bae
QA 엔지니어,Success Korea,서울 강남구,https://www.indeed.com/viewjob?jk=26e5364712916061
IoT 서버 개발,Success Korea,성남 야탑역,https://www.indeed.com/viewjob?jk=6b9d60046372c201
KT_자바모바일 소사장님,자바모바일,경기도 김포,https://www.indeed.com/viewjob?jk=bb536ce63af9814e
서비스 Application 엔지니어,Success Korea,서울 방배동,https://www.indeed.com/viewjob?jk=1a2235feea67c78a
자바 개발자 모집,케이비즈소프트,서울 가산동,https://www.indeed.com/viewjob?jk=d35c36cd4b259b6f
[카카오스토리] 개발자 (서버/iOS/Android),카카오,대한민국,https://www.indeed.com/viewjob?jk=a7ad2455872da832
"[서버, backend 개발]",에이치알 코리아,대한민국,https://www.indeed.com/viewjob?jk=256e680732c5296c
전산팀,Success Korea,서울 서초구,https://www.indeed.com/viewjob?jk=88c4c1444e4afcfa
[글로벌 Vacuum Pump 제조사] BPI Specialist 경력직 채용,(주)씨앤에이코리아,천안 서북구,https://www.indeed.com/viewjob?jk=74ab26d9069f28bd
스마트카드 SW개발 엔지니어 2명 이상(신입~대리),Success Korea,경기도 안양,https://www.indeed.com/viewjob?jk=abe4531867cdaadf
추천시스템 개발/운영,Success Korea,서울,https://www.indeed.com/viewjob?jk=0a804017919b2874
통신 관련 웹플랩폼 개발 담당자(대리-차장),국내 유명 IT기업,서울,https://www.indeed.com/viewjob?jk=9bcdc86d62934430
서비스 개발 PL/PM (과장-차장),Success Korea,성남 판교역,https://www.indeed.com/viewjob?jk=a0fa72cf25a0df3c
"모바일, 웹서비스 개발 PL/PM (과장-차장)",Success Korea,성남 판교역,https://www.indeed.com/viewjob?jk=d5e7169b505e138d
"Principal, Data Engineer (Pricing Competitor Intelligence)",Coupang,서울,https://www.indeed.com/viewjob?jk=c16d65e660e7e744
"IT 개발, 운영",Success Korea,성남 분당구,https://www.indeed.com/viewjob?jk=3373162076a59a48
"백엔드, 프론트엔드 개발자 (서버개발자는 AWS구축경험자)",포씨아,서울 송파구,https://www.indeed.com/viewjob?jk=7d2c02c80f0ff1c6
백오피스 시스템 구조개선,Success Korea,서울,https://www.indeed.com/viewjob?jk=42c0a9c9efc05290
백오피스 시스템 구조 개선,Success Korea,서울,https://www.indeed.com/viewjob?jk=159a84ade4a134e5
디지털LAB 신기술파트,국내자본 저축은행,서울 구로구,https://www.indeed.com/viewjob?jk=d24428ed26f0b058
모바일 프로그래머 (안드로이드/IOS),와이즈솔루션,서울 송파구,https://www.indeed.com/viewjob?jk=e222c2bf6d2dde1a
여행 좋아하는 경력직(4년 이상) 개발자,메리홀리데이,서울 강남구,https://www.indeed.com/viewjob?jk=5352cf066e6ae2cc
도전욕구가 충만충만한 개발자,엠카탈로그,서울 강남구,https://www.indeed.com/viewjob?jk=35dfa2a4640be329
[글로벌 Vacuum Pump 제조사] S/W Test Engineer 경력직 채용,(주)씨앤에이코리아,천안 서북구,https://www.indeed.com/viewjob?jk=7bb1e2b604c071e6
내비게이션 SW개발,Success Korea,서울,https://www.indeed.com/viewjob?jk=a8bf6453fd55f73b
SW개발 매니저,Success Korea,서울 삼성동,https://www.indeed.com/viewjob?jk=a758b91ea2f0dd2b
SW 개발,Success Korea,서울 신논현역,https://www.indeed.com/viewjob?jk=6561c937add50cc4
서버 응용SW 개발(대리~과장),Success Korea,서울 방배동,https://www.indeed.com/viewjob?jk=ba7dccf67175f7f3
서비스 응용SW 개발 다 수(과장),Success Korea,서울 방배동,https://www.indeed.com/viewjob?jk=38abc7716a5d262f
PHP 개발자 경력직,하이스트시스템,서울 금천구,https://www.indeed.com/viewjob?jk=faa614d53ffa420f
포털 검색 서비스 개발(사원-차장),Success Korea,서울,https://www.indeed.com/viewjob?jk=7cee24bb77d2ab16
"개발 담당 대리, 과장, 차장급",에이치알 코리아,대한민국,https://www.indeed.com/viewjob?jk=0d08eb8f3c42988a
"Technical Solutions Consultant, Android TV Partner Engineering",Google,서울,https://www.indeed.com/viewjob?jk=92f04fc62c6d6a7a
서버 프로그램 개발자 모집,휴앤텍,대전 관평동,https://www.indeed.com/viewjob?jk=5048bfeb46fc82a5
음성인식 개발,Success Korea,서울,https://www.indeed.com/viewjob?jk=a48d2ca8a92c3c3e
포털서비스 개발,Success Korea,서울,https://www.indeed.com/viewjob?jk=1d3e77da3f1a7c0a
포털 서비스 개발,Success Korea,서울,https://www.indeed.com/viewjob?jk=93587610ac64d47e
지도표시 엔진개발,Success Korea,서울,https://www.indeed.com/viewjob?jk=8a40f2e4e0607a12
플랫폼 개발,Success Korea,서울,https://www.indeed.com/viewjob?jk=b9ab91310f88c7b2
이러닝 웹개발,Success Korea,서울,https://www.indeed.com/viewjob?jk=24a08b9b47363f2e
웹개발,Success Korea,서울,https://www.indeed.com/viewjob?jk=e6a52f0018eafc62
응용 프로그램 개발,Success Korea,서울 성수동,https://www.indeed.com/viewjob?jk=45f0a0c96dcd9b5c
위치정보서비스 개발/유지보수,Success Korea,서울 성수동,https://www.indeed.com/viewjob?jk=76908edeb48c9455
전산개발,Success Korea,서울 압구정역,https://www.indeed.com/viewjob?jk=d6bbcc47c31ee497
안드로이드개발,Success Korea,서울 강남구,https://www.indeed.com/viewjob?jk=639631ca9cc3ecaa
웹개발자 (JSP),Success Korea,서울 강남구,https://www.indeed.com/viewjob?jk=422514c0e7214d44
안드로이드 앱개발,Success Korea,서울 강남구,https://www.indeed.com/viewjob?jk=319c74600b5b44cf
웹개발자,Success Korea,서울 강남구,https://www.indeed.com/viewjob?jk=e7309fe8dba1c590
웹 개발,Success Korea,서울 강남구,https://www.indeed.com/viewjob?jk=ed867bd4da6fa82c
개인화 추천서비스 개발,Success Korea,서울 삼성동,https://www.indeed.com/viewjob?jk=18d4b759113240ca
서버개발,Success Korea,서울 삼성동,https://www.indeed.com/viewjob?jk=622db0675da1257c
서버 개발 엔지니어,Success Korea,서울 선릉역,https://www.indeed.com/viewjob?jk=807228600e98a800
2020년도 쿠팡 경력 개발자 공개채용 (Android / iOS),Coupang,서울,https://www.indeed.com/viewjob?jk=c3f341e754015d45
